Timestamp,ID,Status,OldPath,NewPath,Error
14:10:38,440B3E9A717E6203!49429,SUCCESS,/drive/root:/Vie des enfants/dessins/noemie 20051,/Vie des enfants/dessins/20141010_172939_Vie_enfants_dessins_noemie_20051_numerisation0042_HP_pst_p02a--odr--.jpg,
14:10:40,440B3E9A717E6203!49167,SUCCESS,/drive/root:/Vie des enfants/dessins/dessins enfants,/Vie des enfants/dessins/20161129_161418_Vie_enfants_dessins_scans_27--odr--.jpg,
14:10:41,440B3E9A717E6203!sac46a6e3cb2e4a6f8be1e77cd1b96813,SUCCESS,/drive/root:/VersCoffreFort/archives/xxx/XXX/LATEXOTICA/!alicia blonde/Alicia11,/VersCoffreFort/archives/Images/1985/01/19850102_151606_VersCoffreFort_archives_xxx_LATEXOTICA_alicia_blonde_Alicia11_DSC00298--odr--.jpg,
14:10:42,440B3E9A717E6203!sff693cb19ce7462696123c49212ed5bb,SUCCESS,/drive/root:/VersCoffreFort/archives/xxx/XXX/tri-img/dessins,/VersCoffreFort/archives/Images/1998/06/19980626_074340_VersCoffreFort_archives_xxx_tri_img_dessins_image6--odr--.jpg,
14:10:43,440B3E9A717E6203!s4b3a7ebc5fd34a39b4ab1deb1d7ad1c3,SUCCESS,/drive/root:/VersCoffreFort/archives/xxx/XXX/tri-img/autre,/VersCoffreFort/archives/Images/1998/09/19980913_213604_VersCoffreFort_archives_xxx_tri_img_autre_glnol031--odr--.jpg,
14:10:43,440B3E9A717E6203!s0969fe84f14449c0b189e7a891f4df92,SUCCESS,/drive/root:/VersCoffreFort/archives/xxx/XXX/tri-img/dessins,/VersCoffreFort/archives/Images/1999/07/19990706_073356_VersCoffreFort_archives_xxx_tri_img_dessins_page5--odr--.jpg,
14:10:44,440B3E9A717E6203!s304503e7085b47ab88f0dadc0411b2af,SUCCESS,/drive/root:/VersCoffreFort/archives/xxx/XXX/tri-img/dessins,/VersCoffreFort/archives/Images/1999/10/19991007_175108_VersCoffreFort_archives_xxx_tri_img_dessins_pic84--odr--.jpg,
14:10:45,440B3E9A717E6203!sc795799c511d4414aea8227d347b455b,SUCCESS,/drive/root:/VersCoffreFort/archives/xxx/XXX/tri-img/dessins,/VersCoffreFort/archives/Images/1999/10/19991008_190902_VersCoffreFort_archives_xxx_tri_img_dessins_Sans--odr--.bmp,
14:10:46,440B3E9A717E6203!sb5966be170cc42918268476ae59ff259,SUCCESS,/drive/root:/VersCoffreFort/archives/xxx/XXX/usb/New Folder (5)/NF4/BEST,/VersCoffreFort/archives/Images/1999/12/19991209_000000_VersCoffreFort_archives_xxx_usb_New_Folder_5_NF4_BEST_jennifer_l41--odr--.jpg,
14:10:47,440B3E9A717E6203!sd561c9c9146240f4a21c7b02adcb7042,SUCCESS,/drive/root:/VersCoffreFort/archives/xxx/XXX/tri-img/maillots,/VersCoffreFort/archives/Images/2000/05/20000524_173042_VersCoffreFort_archives_xxx_tri_img_maillots_aw25--odr--.jpg,
14:10:48,440B3E9A717E6203!s5be2913acbe242f38db80cfeaf3b3d94,SUCCESS,/drive/root:/VersCoffreFort/archives/xxx/XXX/tri-img/autre,/VersCoffreFort/archives/Images/2000/07/20000729_052754_VersCoffreFort_archives_xxx_tri_img_autre_babe45--odr--.jpg,
14:10:49,440B3E9A717E6203!s8af0b7faa3aa4b0493534c9a460e5d5e,SUCCESS,/drive/root:/VersCoffreFort/archives/xxx/XXX/tri-img/porn,/VersCoffreFort/archives/Images/2000/10/20001017_205812_VersCoffreFort_archives_xxx_tri_img_porn_3638_162b_las--odr--.jpg,
14:10:49,440B3E9A717E6203!s1b7273af076342178751ef0da842ecb2,SUCCESS,/drive/root:/VersCoffreFort/archives/xxx/XXX/tri-video/nails/1,/VersCoffreFort/archives/Videos/2000/12/20001203_202116_VersCoffreFort_archives_xxx_tri_video_nails_1_jap1a6_duration_54s--odr--.mpg,
14:10:50,440B3E9A717E6203!s9dfbb4f919bc47b0a22b36a84e388e85,SUCCESS,/drive/root:/VersCoffreFort/archives/xxx/XXX/tri-img/dessins,/VersCoffreFort/archives/Images/2001/01/20010110_221620_VersCoffreFort_archives_xxx_tri_img_dessins_dawnboob--odr--.jpg,
14:10:51,440B3E9A717E6203!s17d40f71335742d392a87286422455ff,SUCCESS,/drive/root:/VersCoffreFort/archives/xxx/XXX/tri-img/bottes,/VersCoffreFort/archives/Images/2001/09/20010925_120942_VersCoffreFort_archives_xxx_tri_img_bottes_colpants20--odr--.jpg,
14:10:52,440B3E9A717E6203!sd9ce9f2425bb4a028642b825dba99d80,SUCCESS,/drive/root:/VersCoffreFort/archives/xxx/XXX/usb/New Folder (5)/H7,/VersCoffreFort/archives/Images/2001/10/20011017_220110_VersCoffreFort_archives_xxx_usb_New_Folder_5_H7_MichelleClack10--odr--.jpg,
14:10:53,440B3E9A717E6203!s6a4f35d93e954eb6a6d9acd88e80be79,SUCCESS,/drive/root:/VersCoffreFort/archives/xxx/XXX/usb/New Folder (5)/H7,/VersCoffreFort/archives/Images/2001/10/20011018_011212_VersCoffreFort_archives_xxx_usb_New_Folder_5_H7_TammySytch03--odr--.jpg,
14:10:54,440B3E9A717E6203!s7c736b6687cf4e2693451829455210e3,SUCCESS,/drive/root:/VersCoffreFort/archives/xxx/XXX/tri-video/blow/1 (33),/VersCoffreFort/archives/Videos/2002/05/20020522_042102_VersCoffreFort_archives_xxx_tri_video_blow_1_33_2_8_duration_8s--odr--.mpg,
14:10:55,440B3E9A717E6203!s20f20d1526fa44f7901c9d474ef23a37,SUCCESS,/drive/root:/VersCoffreFort/archives/xxx/XXX/tri-img/bottes-porn,/VersCoffreFort/archives/Images/2003/03/20030323_203706_VersCoffreFort_archives_xxx_tri_img_bottes_porn_IIII--odr--.jpg,
14:10:56,440B3E9A717E6203!s4ab8852df1c649e19e2a60ef68811627,SUCCESS,/drive/root:/VersCoffreFort/archives/xxx/XXX/tri-img/heike,/VersCoffreFort/archives/Images/2003/06/20030615_232426_VersCoffreFort_archives_xxx_tri_img_heike_privat_latex0047--odr--.jpg,
14:10:57,440B3E9A717E6203!sca4bc0411c954992961f0922d6857b50,SUCCESS,/drive/root:/VersCoffreFort/archives/xxx/XXX/tri-img/heike,/VersCoffreFort/archives/Images/2003/06/20030615_232430_VersCoffreFort_archives_xxx_tri_img_heike_privat_leder0206--odr--.jpg,
14:10:58,440B3E9A717E6203!sf7fc465d8be145b6a51445543d5acf4b,SUCCESS,/drive/root:/VersCoffreFort/archives/xxx/XXX/tri-img/heike,/VersCoffreFort/archives/Images/2003/06/20030615_232838_VersCoffreFort_archives_xxx_tri_img_heike_privat_leder0114--odr--.jpg,
14:10:59,440B3E9A717E6203!s95d09059668e44058b9ac0288c6f03aa,SUCCESS,/drive/root:/VersCoffreFort/archives/xxx/XXX/tri-img/heike,/VersCoffreFort/archives/Images/2003/06/20030615_234606_VersCoffreFort_archives_xxx_tri_img_heike_fetisch_lack0070--odr--.jpg,
14:11:00,440B3E9A717E6203!sa59d2c98b51d4d84a3d679639dc94985,SUCCESS,/drive/root:/VersCoffreFort/archives/xxx/XXX/tri-img/heike,/VersCoffreFort/archives/Images/2003/06/20030615_234620_VersCoffreFort_archives_xxx_tri_img_heike_fetisch_lack0078--odr--.jpg,
14:11:01,440B3E9A717E6203!sb48b14fd732d47a0bcdeac9dd2e335d6,SUCCESS,/drive/root:/VersCoffreFort/archives/xxx/XXX/tri-img/heike,/VersCoffreFort/archives/Images/2003/06/20030615_235442_VersCoffreFort_archives_xxx_tri_img_heike_fetisch_latex0207--odr--.jpg,
14:11:02,440B3E9A717E6203!sb49eb612e4084b0d84c47304219bc41c,SUCCESS,/drive/root:/VersCoffreFort/archives/xxx/XXX/tri-img/heike,/VersCoffreFort/archives/Images/2003/06/20030617_025840_VersCoffreFort_archives_xxx_tri_img_heike_fetisch_latex0366--odr--.jpg,
14:11:03,440B3E9A717E6203!s4acde57f56ac4bf0b65f85f32a06b726,SUCCESS,/drive/root:/VersCoffreFort/archives/xxx/XXX/tri-img/heike,/VersCoffreFort/archives/Images/2003/06/20030617_030254_VersCoffreFort_archives_xxx_tri_img_heike_latexh_z7--odr--.jpg,
14:11:04,440B3E9A717E6203!s50c93da5dd33457e92b8071535e7e032,SUCCESS,/drive/root:/VersCoffreFort/archives/xxx/XXX/tri-video/beauty,/VersCoffreFort/archives/Videos/2003/09/20030922_091842_VersCoffreFort_archives_xxx_tri_video_beauty_kianna3_duration_21s--odr--.mpg,
14:11:05,440B3E9A717E6203!sd2b1818244d44cc3a3843492a35828df,SUCCESS,/drive/root:/VersCoffreFort/archives/xxx/XXX/tri-img/bottes,/VersCoffreFort/archives/Images/2003/12/20031210_040604_VersCoffreFort_archives_xxx_tri_img_bottes_Susa1047241369_43--odr--.jpg,
14:11:05,440B3E9A717E6203!sbe74b869e33542be94ec17afe7d18103,SUCCESS,/drive/root:/VersCoffreFort/archives/xxx/XXX/tri-img/autre,/VersCoffreFort/archives/Images/2003/12/20031210_045742_VersCoffreFort_archives_xxx_tri_img_autre_katieprice36_jpg--odr--.jpg,
14:11:06,440B3E9A717E6203!s8004c19f30c445a6943da3abb910dd20,SUCCESS,/drive/root:/VersCoffreFort/archives/xxx/XXX/tri-video/beauty,/VersCoffreFort/archives/Videos/2004/03/20040325_201258_VersCoffreFort_archives_xxx_tri_video_beauty_assc_scene6_clubhardball_com_xvid8_duration_17s--odr--.mpg,
14:11:07,440B3E9A717E6203!s87ecb4bd57d647e8bc1cdf23e1f9c2af,SUCCESS,/drive/root:/VersCoffreFort/archives/xxx/XXX/tri-img/bottes-porn,/VersCoffreFort/archives/Images/2004/05/20040523_211302_VersCoffreFort_archives_xxx_tri_img_bottes_porn_boot010--odr--.jpg,
14:11:08,440B3E9A717E6203!sf321a229f8b04165882e1f372062b7a6,SUCCESS,/drive/root:/VersCoffreFort/archives/xxx/XXX/tri-video/blow/1 (3),/VersCoffreFort/archives/Videos/2004/07/20040724_031540_VersCoffreFort_archives_xxx_tri_video_blow_1_3_clip_04_duration_10s--odr--.mpg,
14:11:09,440B3E9A717E6203!sfc9d774bb89345ac954a7dd54bdac860,SUCCESS,/drive/root:/VersCoffreFort/archives/xxx/ondrv/Nouveau dossier/XX/BOOTS/bottes,/VersCoffreFort/archives/Images/2004/12/20041228_045614_VersCoffreFort_archives_xxx_ondrv_Nouveau_dossier_XX_BOOTS_bottes_mb9--odr--.jpg,
14:11:10,440B3E9A717E6203!s9f47bb42dcf74a6f82ed222f288576b5,SUCCESS,/drive/root:/VersCoffreFort/archives/xxx/XXX/usb/New Folder (5)/NF4/BEST,/VersCoffreFort/archives/Images/2005/01/20050113_205620_VersCoffreFort_archives_xxx_usb_New_Folder_5_NF4_BEST_christina_a70--odr--.jpg,
14:11:11,440B3E9A717E6203!s7487a4abc2bf48c69aa977f7f8188866,SUCCESS,/drive/root:/VersCoffreFort/archives/xxx/XXX/usb/New Folder (5)/NF4/BEST,/VersCoffreFort/archives/Images/2005/01/20050113_205758_VersCoffreFort_archives_xxx_usb_New_Folder_5_NF4_BEST_christina_a92--odr--.jpg,
14:11:12,440B3E9A717E6203!sa5830795b02648438961e1d433abeb91,SUCCESS,/drive/root:/VersCoffreFort/archives/xxx/XXX/usb/New Folder (5)/NF4/BEST,/VersCoffreFort/archives/Images/2005/01/20050113_220956_VersCoffreFort_archives_xxx_usb_New_Folder_5_NF4_BEST_ELIZA107--odr--.jpg,
14:11:13,440B3E9A717E6203!sa5c2d01e32834719bfc1b1786535a0cf,SUCCESS,/drive/root:/VersCoffreFort/archives/xxx/XXX/usb/New Folder (5)/NF4/BEST,/VersCoffreFort/archives/Images/2005/01/20050122_162926_VersCoffreFort_archives_xxx_usb_New_Folder_5_NF4_BEST_jennifer_g03--odr--.jpg,
14:11:14,440B3E9A717E6203!s7996608042cc4199a7519e7e2f703928,SUCCESS,/drive/root:/VersCoffreFort/archives/xxx/XXX/usb/New Folder (5)/NF4/BEST,/VersCoffreFort/archives/Images/2005/01/20050122_172214_VersCoffreFort_archives_xxx_usb_New_Folder_5_NF4_BEST_jessica_a251--odr--.jpg,
14:11:15,440B3E9A717E6203!saa24fffcfb5c4254a399ad447390b9a2,SUCCESS,/drive/root:/VersCoffreFort/archives/xxx/XXX/usb/New Folder (5)/NF4/BEST,/VersCoffreFort/archives/Images/2005/01/20050122_172942_VersCoffreFort_archives_xxx_usb_New_Folder_5_NF4_BEST_JOAN01--odr--.jpg,
14:11:15,440B3E9A717E6203!s5a6a82d2e8bd401a99a9d2518f333606,SUCCESS,/drive/root:/VersCoffreFort/archives/xxx/XXX/tri-img/porn,/VersCoffreFort/archives/Images/2005/01/20050123_205130_VersCoffreFort_archives_xxx_tri_img_porn_14_11--odr--.jpg,
14:11:17,440B3E9A717E6203!s0f4a2087db324c1a88c0e0bf18017789,SUCCESS,/drive/root:/VersCoffreFort/archives/xxx/XXX/tri-img/porn,/VersCoffreFort/archives/Images/2005/01/20050123_210712_VersCoffreFort_archives_xxx_tri_img_porn_02_11--odr--.jpg,
14:11:18,440B3E9A717E6203!s6cf812a0ae8542fe9442b15b00d0e5f1,SUCCESS,/drive/root:/VersCoffreFort/archives/xxx/XXX/usb/New Folder (5)/NF4/BEST,/VersCoffreFort/archives/Images/2005/01/20050125_202140_VersCoffreFort_archives_xxx_usb_New_Folder_5_NF4_BEST_kelly_r26--odr--.jpg,
14:11:19,440B3E9A717E6203!s9c841fd880dd42edbe7e8e43af9dc3b0,SUCCESS,/drive/root:/VersCoffreFort/archives/xxx/XXX/usb/New Folder (5)/NF4/BEST,/VersCoffreFort/archives/Images/2005/01/20050125_203240_VersCoffreFort_archives_xxx_usb_New_Folder_5_NF4_BEST_KYLIE01--odr--.jpg,
14:11:19,440B3E9A717E6203!s150a442ace484995b385855301dfdf8e,SUCCESS,/drive/root:/VersCoffreFort/archives/xxx/XXX/usb/New Folder (5)/NF4/BEST,/VersCoffreFort/archives/Images/2005/01/20050129_200300_VersCoffreFort_archives_xxx_usb_New_Folder_5_NF4_BEST_laetitia01--odr--.jpg,
14:11:21,440B3E9A717E6203!s9f32ff4d424143a28c01a7a0cf65c8a8,SUCCESS,/drive/root:/VersCoffreFort/archives/xxx/XXX/usb/New Folder (5)/JJ/G,/VersCoffreFort/archives/Images/2005/02/20050206_060656_VersCoffreFort_archives_xxx_usb_New_Folder_5_JJ_G_7--odr--.jpg,
14:11:21,440B3E9A717E6203!s30d9477f47874e7aa71124a26db106e0,SUCCESS,/drive/root:/VersCoffreFort/archives/xxx/XXX/usb/New Folder (5)/New Folder,/VersCoffreFort/archives/Images/2005/02/20050218_221514_VersCoffreFort_archives_xxx_usb_New_Folder_5_britney404--odr--.jpg,
14:11:22,440B3E9A717E6203!s4d6da8deaea9416d89666e84a7626219,SUCCESS,/drive/root:/VersCoffreFort/archives/xxx/XXX/usb/New Folder (5)/NF4/BEST,/VersCoffreFort/archives/Images/2005/02/20050218_223958_VersCoffreFort_archives_xxx_usb_New_Folder_5_NF4_BEST_catherine16--odr--.jpg,
14:11:23,440B3E9A717E6203!sb011852229f3485fa4c43667255a6084,SUCCESS,/drive/root:/VersCoffreFort/archives/xxx/XXX/usb/New Folder (12)/New Folder,/VersCoffreFort/archives/Images/2005/03/20050318_192102_VersCoffreFort_archives_xxx_usb_New_Folder_12_DSCF0011--odr--.jpg,
14:11:24,440B3E9A717E6203!s0ed25c1255ce49ae9759b59b376946c0,SUCCESS,/drive/root:/VersCoffreFort/archives/xxx/XXX/usb/New Folder (5),/VersCoffreFort/archives/Images/2005/03/20050319_004900_VersCoffreFort_archives_xxx_usb_New_Folder_5_F14--odr--.jpg,
14:11:25,440B3E9A717E6203!sadd9b17e6b584b6f81593d95d3a62075,SUCCESS,/drive/root:/VersCoffreFort/archives/xxx/XXX/LATEXOTICA/anastacia/Anastacia_4,/VersCoffreFort/archives/Images/2005/03/20050327_214548_VersCoffreFort_archives_xxx_LATEXOTICA_anastacia_4_DSC06989--odr--.jpg,
14:11:26,440B3E9A717E6203!s2899fe0bc1244b459134d6a5eea4d204,SUCCESS,/drive/root:/VersCoffreFort/archives/xxx/XXX/LATEXOTICA/anastacia/Anastacia_4,/VersCoffreFort/archives/Images/2005/03/20050327_215118_VersCoffreFort_archives_xxx_LATEXOTICA_anastacia_4_DSC07016--odr--.jpg,
14:11:27,440B3E9A717E6203!s5708f6dce5324dc8918b7a509d8f351f,SUCCESS,/drive/root:/VersCoffreFort/archives/xxx/XXX/LATEXOTICA/anastacia/Anastacia_4,/VersCoffreFort/archives/Images/2005/03/20050327_215316_VersCoffreFort_archives_xxx_LATEXOTICA_anastacia_4_DSC07008--odr--.jpg,
14:11:28,440B3E9A717E6203!s3bca7f5b93b04204b521c011040398b8,SUCCESS,/drive/root:/VersCoffreFort/archives/xxx/XXX/tri-video/bottes porn/01,/VersCoffreFort/archives/Videos/2005/04/20050422_120144_VersCoffreFort_archives_xxx_tri_video_bottes_porn_01_wrestle_03_12_duration_40s--odr--.avi,
14:11:29,440B3E9A717E6203!s5b59bced9e0f4ccfaa7ac6c86476b6fd,SUCCESS,/drive/root:/VersCoffreFort/archives/xxx/XXX/LATEXOTICA/anastacia/Anastacia_6,/VersCoffreFort/archives/Images/2005/06/20050612_105006_VersCoffreFort_archives_xxx_LATEXOTICA_anastacia_6_DSC03228--odr--.jpg,
14:11:30,440B3E9A717E6203!sd01477c562594b4ebd5a08e706a58c8d,SUCCESS,/drive/root:/VersCoffreFort/archives/xxx/XXX/LATEXOTICA/anastacia/Anastacia_6,/VersCoffreFort/archives/Images/2005/06/20050612_105358_VersCoffreFort_archives_xxx_LATEXOTICA_anastacia_6_DSC03273--odr--.jpg,
14:11:31,440B3E9A717E6203!sef6bb76a94e843608ea05daed7cf24cf,SUCCESS,/drive/root:/VersCoffreFort/archives/xxx/XXX/LATEXOTICA/anastacia/Anastacia_6,/VersCoffreFort/archives/Images/2005/06/20050612_105510_VersCoffreFort_archives_xxx_LATEXOTICA_anastacia_6_DSC03284--odr--.jpg,
14:11:32,440B3E9A717E6203!sbfd76bbbf1c14b31a91cafb6c81d17e4,SUCCESS,/drive/root:/VersCoffreFort/archives/xxx/XXX/tri-video/face/Nouveau dossier,/VersCoffreFort/archives/Videos/2005/07/20050713_212946_VersCoffreFort_archives_xxx_tri_video_face_Nouveau_dossier_sativa_06_duration_16s--odr--.mpg,
14:11:33,440B3E9A717E6203!se79cc18cdacd41fe8cabf77823156ce3,SUCCESS,/drive/root:/VersCoffreFort/archives/xxx/XXX/tri-img/heike,/VersCoffreFort/archives/Images/2005/09/20050917_180318_VersCoffreFort_archives_xxx_tri_img_heike_fetisch_leder1814--odr--.jpg,
14:11:34,440B3E9A717E6203!sebf7d4fc66874f7cb0ffdef476eed65f,SUCCESS,/drive/root:/VersCoffreFort/archives/xxx/XXX/LATEXOTICA/anastacia/Anastacia_9,/VersCoffreFort/archives/Images/2005/09/20050929_164452_VersCoffreFort_archives_xxx_LATEXOTICA_anastacia_9_DSC03942--odr--.jpg,
14:11:35,440B3E9A717E6203!s268036e93f1e4958b894c4fa36f4e373,SUCCESS,/drive/root:/VersCoffreFort/archives/xxx/XXX/tri-img/heike,/VersCoffreFort/archives/Images/2005/10/20051018_103134_VersCoffreFort_archives_xxx_tri_img_heike_pix07--odr--.jpg,
14:11:36,440B3E9A717E6203!s15ff39a9130147e3b32afb70e6561d4d,SUCCESS,/drive/root:/VersCoffreFort/archives/xxx/XXX/tri-img/porn,/VersCoffreFort/archives/Images/2005/10/20051025_094632_VersCoffreFort_archives_xxx_tri_img_porn_06_5--odr--.jpg,
14:11:37,440B3E9A717E6203!s565be12698ed41728fbb73b89d27498a,SUCCESS,/drive/root:/VersCoffreFort/archives/xxx/XXX/tri-img/porn,/VersCoffreFort/archives/Images/2005/11/20051112_032920_VersCoffreFort_archives_xxx_tri_img_porn_anal_11--odr--.jpg,
14:11:38,440B3E9A717E6203!s391875d8074944e59190ca929b62fc3c,SUCCESS,/drive/root:/VersCoffreFort/archives/xxx/XXX/tri-img/autre,/VersCoffreFort/archives/Images/2005/11/20051116_014242_VersCoffreFort_archives_xxx_tri_img_autre_alena_seredova_0975--odr--.jpg,
14:11:39,440B3E9A717E6203!s27ce8cc3c1624469ba04d6ac8171f877,SUCCESS,/drive/root:/VersCoffreFort/archives/xxx/XXX/LATEXOTICA/!alicia blonde/Alicia6,/VersCoffreFort/archives/Images/2006/01/20060120_092346_VersCoffreFort_archives_xxx_LATEXOTICA_alicia_blonde_Alicia6_DSC01105--odr--.jpg,
14:11:40,440B3E9A717E6203!sab401f57b493437ab2ad0387813660e2,SUCCESS,/drive/root:/VersCoffreFort/archives/xxx/XXX/LATEXOTICA/!alicia blonde/Alicia8,/VersCoffreFort/archives/Images/2006/01/20060120_092410_VersCoffreFort_archives_xxx_LATEXOTICA_alicia_blonde_Alicia8_DSC04481--odr--.jpg,
14:11:41,440B3E9A717E6203!se43ca727d27a4d5eb16f777bf591fcd9,SUCCESS,/drive/root:/VersCoffreFort/archives/xxx/XXX/LATEXOTICA/anastacia/Anastacia_14,/VersCoffreFort/archives/Images/2006/01/20060120_152518_VersCoffreFort_archives_xxx_LATEXOTICA_anastacia_14_DSC03523--odr--.jpg,
14:11:42,440B3E9A717E6203!s21dfa3be1a9540f191556c287d15b5b0,SUCCESS,/drive/root:/VersCoffreFort/archives/xxx/XXX/LATEXOTICA/anastacia/Anastacia_14,/VersCoffreFort/archives/Images/2006/01/20060120_152520_VersCoffreFort_archives_xxx_LATEXOTICA_anastacia_14_DSC03425--odr--.jpg,
14:11:42,440B3E9A717E6203!sb7f5a18897824729a0efdba2a19c5bd7,SUCCESS,/drive/root:/VersCoffreFort/archives/xxx/XXX/tri-video/bottes,/VersCoffreFort/archives/Videos/2006/03/20060314_194218_VersCoffreFort_archives_xxx_tri_video_bottes_Freddicadeo_duration_61s--odr--.wmv,
14:11:43,440B3E9A717E6203!s14a6da5353de4b2e9a52157fc1762451,SUCCESS,/drive/root:/VersCoffreFort/archives/xxx/XXX/tri-video/beauty/dossier (44),/VersCoffreFort/archives/Videos/2006/05/20060515_025226_VersCoffreFort_archives_xxx_tri_video_beauty_dossier_44_magic2_duration_20s--odr--.mpg,
14:11:44,440B3E9A717E6203!s2cdbe2d7751e47cca3d72d4d4b3ff66e,SUCCESS,/drive/root:/VersCoffreFort/archives/xxx/XXX/LATEXOTICA/anastacia/Anastacia_17,/VersCoffreFort/archives/Images/2006/05/20060519_222534_VersCoffreFort_archives_xxx_LATEXOTICA_anastacia_17_DSC05786--odr--.jpg,
14:11:45,440B3E9A717E6203!sa27b3522d2c94ec7930e58b45a428de9,SUCCESS,/drive/root:/VersCoffreFort/archives/xxx/XXX/LATEXOTICA/danielle/Danielle_8,/VersCoffreFort/archives/Images/2006/05/20060520_015906_VersCoffreFort_archives_xxx_LATEXOTICA_danielle_8_DSC06561--odr--.jpg,
14:11:47,440B3E9A717E6203!s11650be8a30641ecad59422aaf49c510,SUCCESS,/drive/root:/VersCoffreFort/archives/xxx/XXX/tri-img/porn,/VersCoffreFort/archives/Images/2006/09/20060908_001049_VersCoffreFort_archives_xxx_tri_img_porn_10057_0234_Canon_EOS_20D--odr--.jpg,
14:11:47,440B3E9A717E6203!s8bb42d2b79ce44369b28878e16be7c71,SUCCESS,/drive/root:/VersCoffreFort/archives/xxx/XXX/Nouveau dossier/Nouveau dossier/vynil a trier,/VersCoffreFort/archives/Images/2006/10/20061031_080922_VersCoffreFort_archives_xxx_Nouveau_dossier_vynil_trier_DSC01133--odr--.jpg,
14:11:49,440B3E9A717E6203!s83f0548abc0b46858c733ae1dbd7a469,SUCCESS,/drive/root:/VersCoffreFort/archives/xxx/XXX/LATEXOTICA/anastacia/Anastacia_22,/VersCoffreFort/archives/Images/2006/12/20061231_071026_VersCoffreFort_archives_xxx_LATEXOTICA_anastacia_22_DSC05443--odr--.jpg,
14:11:50,440B3E9A717E6203!s6575db3296af4e67893507833941a825,SUCCESS,/drive/root:/VersCoffreFort/archives/xxx/XXX/tri-video/handjob/a (18),/VersCoffreFort/archives/Videos/2007/02/20070218_031836_VersCoffreFort_archives_xxx_tri_video_handjob_18_clip2_duration_32s--odr--.wmv,
14:11:50,440B3E9A717E6203!s43842a8ed2bc4e6bb21c75c9278dd5aa,SUCCESS,/drive/root:/VersCoffreFort/archives/xxx/ondrv/Nouveau dossier/XX/BOOTS/bottes,/VersCoffreFort/archives/Images/2007/08/20070813_033536_VersCoffreFort_archives_xxx_ondrv_Nouveau_dossier_XX_BOOTS_bottes_images1239139_JoannaKrupa--odr--.jpg,
14:11:51,440B3E9A717E6203!s01efb5417e634991ad39e160f8e06dfb,SUCCESS,/drive/root:/VersCoffreFort/archives/xxx/XXX/tri-img/autre,/VersCoffreFort/archives/Images/2007/10/20071016_031142_VersCoffreFort_archives_xxx_tri_img_autre_l_a93ccdebe124580e02449b2ec45d6a69--odr--.jpg,
14:11:52,440B3E9A717E6203!sa36c07a6e680479f9065ff443db7caa3,SUCCESS,/drive/root:/VersCoffreFort/archives/xxx/XXX/tri-video/beauty/dossier (32),/VersCoffreFort/archives/Videos/2007/10/20071022_233802_VersCoffreFort_archives_xxx_tri_video_beauty_dossier_32_intro_with_vibrator2_duration_31s--odr--.wmv,
14:11:53,440B3E9A717E6203!s926bd28f23a84573844168b140524507,SUCCESS,/drive/root:/VersCoffreFort/archives/xxx/XXX/tri-img/bottes-porn,/VersCoffreFort/archives/Images/2007/11/20071103_231324_VersCoffreFort_archives_xxx_tri_img_bottes_porn_04_7--odr--.jpg,
14:11:54,440B3E9A717E6203!s8aac610d42f34be5a7665d717eb30a6c,SUCCESS,/drive/root:/VersCoffreFort/archives/xxx/XXX/tri-img/bottes-porn/james bertoni,/VersCoffreFort/archives/Images/2007/11/20071125_234843_VersCoffreFort_archives_xxx_tri_img_bottes_porn_james_bertoni_Gina_fd0016_Canon_EOS_5D--odr--.jpg,
14:11:55,440B3E9A717E6203!sd992474a1a3a480e82ab5bcd678c4cb3,SUCCESS,/drive/root:/VersCoffreFort/archives/xxx/XXX/tri-video/3d/dossier (25),/VersCoffreFort/archives/Videos/2007/12/20071201_151302_VersCoffreFort_archives_xxx_tri_video_3d_dossier_25_hentai_02_1_duration_10s--odr--.wmv,
14:11:56,440B3E9A717E6203!s7c3a4078038d4449a6ab7636e8ffff80,SUCCESS,/drive/root:/VersCoffreFort/archives/xxx/XXX/tri-video/3d/dossier (25),/VersCoffreFort/archives/Videos/2007/12/20071201_152522_VersCoffreFort_archives_xxx_tri_video_3d_dossier_25_hentai_03_4_duration_10s--odr--.wmv,
14:11:57,440B3E9A717E6203!sfe772520048545c2a9ed6e2d323e99f1,SUCCESS,/drive/root:/VersCoffreFort/archives/xxx/XXX/LATEXOTICA/anastacia/Anastacia_26,/VersCoffreFort/archives/Images/2007/12/20071223_202510_VersCoffreFort_archives_xxx_LATEXOTICA_anastacia_26_DSC09531--odr--.jpg,
14:11:58,440B3E9A717E6203!s382e900010084175aa63365c0f92e4fe,SUCCESS,/drive/root:/VersCoffreFort/archives/xxx/XXX/tri-video/bottes,/VersCoffreFort/archives/Videos/2008/01/20080118_162928_VersCoffreFort_archives_xxx_tri_video_bottes_01_duration_16s--odr--.mpg,
14:11:59,440B3E9A717E6203!s60482575695141b7bbbff983a04ec856,SUCCESS,/drive/root:/VersCoffreFort/archives/xxx/XXX/tri-img/bottes-porn/james bertoni,/VersCoffreFort/archives/Images/2008/01/20080125_105436_VersCoffreFort_archives_xxx_tri_img_bottes_porn_james_bertoni_81151_CP02_03_123_1170lo--odr--.jpg,
14:12:00,440B3E9A717E6203!sf9a18c07d1a44d1586bcd37ad8294bba,SUCCESS,/drive/root:/VersCoffreFort/archives/xxx/ondrv/Nouveau dossier/XX/BOOTS/bottes,/VersCoffreFort/archives/Images/2008/02/20080208_031844_VersCoffreFort_archives_xxx_ondrv_Nouveau_dossier_XX_BOOTS_bottes_111--odr--.jpg,
14:12:01,440B3E9A717E6203!sca1ba127f0604b07b2ac5191f2ece493,SUCCESS,/drive/root:/VersCoffreFort/archives/xxx/XXX/tri-img/bottes-porn/james bertoni/Nouveau dossier,/VersCoffreFort/archives/Images/2008/03/20080312_042432_VersCoffreFort_archives_xxx_tri_img_bottes_porn_james_bertoni_Nouveau_dossier_CJY01_22--odr--.jpg,
14:12:02,440B3E9A717E6203!s578924ec2bdf4ec0b4edb9909cfc63b3,SUCCESS,/drive/root:/VersCoffreFort/archives/xxx/XXX/tri-img/bottes-porn,/VersCoffreFort/archives/Images/2008/05/20080515_000044_VersCoffreFort_archives_xxx_tri_img_bottes_porn_669062482--odr--.jpg,
14:12:03,440B3E9A717E6203!sf1e42215c47a4e0eaa48dfb3b0889b26,SUCCESS,/drive/root:/VersCoffreFort/archives/xxx/XXX/tri-img/bottes-porn/james bertoni/Nouveau dossier,/VersCoffreFort/archives/Images/2008/06/20080609_033940_VersCoffreFort_archives_xxx_tri_img_bottes_porn_james_bertoni_Nouveau_dossier_CZJ03_12--odr--.jpg,
14:12:04,440B3E9A717E6203!sfb0ad348572f40fe94a1925206dba82c,SUCCESS,/drive/root:/VersCoffreFort/archives/xxx/XXX/tri-img/bottes-porn/james bertoni,/VersCoffreFort/archives/Images/2008/07/20080706_191717_VersCoffreFort_archives_xxx_tri_img_bottes_porn_james_bertoni_Just_another_cliche_fd0000_Canon_EOS_400D_DIGITAL--odr--.jpg,
14:12:05,440B3E9A717E6203!s33b82e6ab9c6411ca3e889369b092704,SUCCESS,/drive/root:/VersCoffreFort/archives/xxx/XXX/tri-video/heike,/VersCoffreFort/archives/Videos/2008/08/20080812_005812_VersCoffreFort_archives_xxx_tri_video_heike_46f_lack013_duration_145s--odr--.avi,
14:12:05,440B3E9A717E6203!s77eb7d3ee1234c9d98fd4d81d17c4db3,SUCCESS,/drive/root:/VersCoffreFort/archives/xxx/XXX/tri-img/bottes-porn,/VersCoffreFort/archives/Images/2008/08/20080812_122530_VersCoffreFort_archives_xxx_tri_img_bottes_porn_12_34--odr--.jpg,
14:12:06,440B3E9A717E6203!seecfed2f41c246af81e44b1e7d9cd491,SUCCESS,/drive/root:/VersCoffreFort/archives/xxx/XXX/tri-img/bottes-porn,/VersCoffreFort/archives/Images/2008/10/20081024_155416_VersCoffreFort_archives_xxx_tri_img_bottes_porn_lindy_slutty_babes_fucking_09_Canon_EOS_5D--odr--.jpg,
14:12:07,440B3E9A717E6203!scf129313c33c4d9a95b75b1fd5037bfc,SUCCESS,/drive/root:/VersCoffreFort/archives/xxx/XXX/tri-img/nails,/VersCoffreFort/archives/Images/2008/11/20081110_012156_VersCoffreFort_archives_xxx_tri_img_nails_3017847534_273dfab7e8--odr--.jpg,
14:12:08,440B3E9A717E6203!s4eeb595cb43b485cb63e0482ea3a39c6,SUCCESS,/drive/root:/VersCoffreFort/archives/xxx/XXX/LATEXOTICA/!alicia blonde/Alicia10,/VersCoffreFort/archives/Images/2009/02/20090201_015840_VersCoffreFort_archives_xxx_LATEXOTICA_alicia_blonde_Alicia10_DSC00124--odr--.jpg,
14:12:09,440B3E9A717E6203!s2d63c2e1430f4aefacfd6c148bb6fb25,SUCCESS,/drive/root:/VersCoffreFort/archives/xxx/XXX/LATEXOTICA/natasha/Natasha_7_,/VersCoffreFort/archives/Images/2009/03/20090330_181434_VersCoffreFort_archives_xxx_LATEXOTICA_natasha_7_DSC09071--odr--.jpg,
14:12:10,440B3E9A717E6203!s0bc1e28d2e35430cb2cea2f83d5ba545,SUCCESS,/drive/root:/VersCoffreFort/archives/xxx/XXX/LATEXOTICA/videos,/VersCoffreFort/archives/Videos/2009/05/20090522_025232_VersCoffreFort_archives_xxx_LATEXOTICA_videos_anastacia_34_duration_169s--odr--.mp4,
14:12:11,440B3E9A717E6203!s07fcbe0eced942308d8ba483b7b7f2cf,SUCCESS,/drive/root:/VersCoffreFort/archives/xxx/XXX/LATEXOTICA/!alicia blonde/Alicia22,/VersCoffreFort/archives/Images/2009/05/20090523_173612_VersCoffreFort_archives_xxx_LATEXOTICA_alicia_blonde_Alicia22_DSC00819--odr--.jpg,
14:12:12,440B3E9A717E6203!s86bdb973592e4e639e7e2ad6de5ca2dd,SUCCESS,/drive/root:/VersCoffreFort/archives/xxx/XXX/Nouveau dossier/Nouveau dossier/vynil a trier,/VersCoffreFort/archives/Images/2009/05/20090523_220912_VersCoffreFort_archives_xxx_Nouveau_dossier_vynil_trier_DSC08041--odr--.jpg,
14:12:12,440B3E9A717E6203!s7b3b661ea8484f248b08d2d799e543a7,SUCCESS,/drive/root:/VersCoffreFort/archives/xxx/XXX/LATEXOTICA/anastacia/Anastacia - 2009-Red Latex Trouser Outfit,/VersCoffreFort/archives/Images/2009/06/20090602_051158_VersCoffreFort_archives_xxx_LATEXOTICA_anastacia_Red_Latex_Trouser_Outfit_DSC08873--odr--.jpg,
14:12:14,440B3E9A717E6203!sf4449c3c7a444408a8fef88682f45a5c,SUCCESS,/drive/root:/VersCoffreFort/archives/xxx/XXX/LATEXOTICA/anastacia/Anastacia - 2009-Latex Tuxedo Outfit-2,/VersCoffreFort/archives/Images/2009/06/20090625_043612_VersCoffreFort_archives_xxx_LATEXOTICA_anastacia_Latex_Tuxedo_Outfit_2_DSC08681--odr--.jpg,
14:12:14,440B3E9A717E6203!s83097f315c2c4687967be11f0a2ee0fe,SUCCESS,/drive/root:/VersCoffreFort/archives/xxx/XXX/LATEXOTICA/jerri/Jerri_7_2,/VersCoffreFort/archives/Images/2009/06/20090630_003406_VersCoffreFort_archives_xxx_LATEXOTICA_jerri_7_2_Photo_1092--odr--.jpg,
14:12:16,440B3E9A717E6203!se96f72063aff40b8806d35260fe8f3a5,SUCCESS,/drive/root:/VersCoffreFort/archives/xxx/ondrv/Nouveau dossier/XX/BOOTS/bottes,/VersCoffreFort/archives/Images/2009/09/20090903_034630_VersCoffreFort_archives_xxx_ondrv_Nouveau_dossier_XX_BOOTS_bottes_3577396030_25796af140--odr--.jpg,
14:12:16,440B3E9A717E6203!s05068ac76519459db7b9c1af2f83d256,SUCCESS,/drive/root:/VersCoffreFort/archives/xxx/XXX/LATEXOTICA/jerri/Jerri_10_2,/VersCoffreFort/archives/Images/2009/09/20090909_235724_VersCoffreFort_archives_xxx_LATEXOTICA_jerri_10_2_Photo_825--odr--.jpg,
14:12:17,440B3E9A717E6203!s925bcfe47d2b4acca75e4102542b87d4,SUCCESS,/drive/root:/VersCoffreFort/archives/xxx/XXX/tri-img/bottes,/VersCoffreFort/archives/Images/2009/11/20091116_021108_VersCoffreFort_archives_xxx_tri_img_bottes_mkrf1_b--odr--.jpg,
14:12:18,440B3E9A717E6203!sa8a670c7fdda4d2a8fad6a602f4219fc,SUCCESS,/drive/root:/VersCoffreFort/archives/xxx/XXX/Nouveau dossier/Nouveau dossier/vynil a trier,/VersCoffreFort/archives/Images/2009/12/20091214_135128_VersCoffreFort_archives_xxx_Nouveau_dossier_vynil_trier_IMG_1772--odr--.jpg,
14:12:19,440B3E9A717E6203!s5a67d425809f4f0d835847a32bc4afe1,SUCCESS,/drive/root:/VersCoffreFort/archives/xxx/XXX/LATEXOTICA/!alicia blonde/Alicia13,/VersCoffreFort/archives/Images/2010/03/20100317_181138_VersCoffreFort_archives_xxx_LATEXOTICA_alicia_blonde_Alicia13_DSC01627--odr--.jpg,
14:12:20,440B3E9A717E6203!s183f543e1df14896bd1e593c8253c51a,SUCCESS,/drive/root:/VersCoffreFort/archives/xxx/XXX/LATEXOTICA/!alicia blonde/Alicia24,/VersCoffreFort/archives/Images/2010/03/20100317_181352_VersCoffreFort_archives_xxx_LATEXOTICA_alicia_blonde_Alicia24_DSC09028--odr--.jpg,
14:12:20,440B3E9A717E6203!sb8219a504e7e420d9eb2e205d9e5cbcf,SUCCESS,/drive/root:/VersCoffreFort/archives/xxx/XXX/LATEXOTICA/!alicia blonde/Alicia14,/VersCoffreFort/archives/Images/2010/03/20100317_181444_VersCoffreFort_archives_xxx_LATEXOTICA_alicia_blonde_Alicia14_DSC01405--odr--.jpg,
14:12:21,440B3E9A717E6203!s8510e628c81c4d47ac0e7ffabf691b8f,SUCCESS,/drive/root:/VersCoffreFort/archives/xxx/XXX/LATEXOTICA/!alicia blonde/Alicia13,/VersCoffreFort/archives/Images/2010/03/20100317_181544_VersCoffreFort_archives_xxx_LATEXOTICA_alicia_blonde_Alicia13_DSC01550--odr--.jpg,
14:12:23,440B3E9A717E6203!s630163c86d764b05a4c9c8a9f49f66fd,SUCCESS,/drive/root:/VersCoffreFort/archives/xxx/XXX/LATEXOTICA/!alicia blonde/Alicia24,/VersCoffreFort/archives/Images/2010/03/20100317_181602_VersCoffreFort_archives_xxx_LATEXOTICA_alicia_blonde_Alicia24_DSC09085--odr--.jpg,
14:12:24,440B3E9A717E6203!s0ae5d2c6d8a6482ebb92cfa50df28f9f,SUCCESS,/drive/root:/VersCoffreFort/archives/xxx/XXX/LATEXOTICA/!alicia blonde/Alicia24,/VersCoffreFort/archives/Images/2010/03/20100317_181608_VersCoffreFort_archives_xxx_LATEXOTICA_alicia_blonde_Alicia24_DSC09059--odr--.jpg,
14:12:25,440B3E9A717E6203!s4df084f88a1d49f19127dc0545fdd505,SUCCESS,/drive/root:/VersCoffreFort/archives/xxx/XXX/LATEXOTICA/!alicia blonde/Alicia25,/VersCoffreFort/archives/Images/2010/03/20100317_181750_VersCoffreFort_archives_xxx_LATEXOTICA_alicia_blonde_Alicia25_DSC00691--odr--.jpg,
14:12:25,440B3E9A717E6203!saafc83231e6249bcb46c2dee4be3eef9,SUCCESS,/drive/root:/VersCoffreFort/archives/xxx/XXX/LATEXOTICA/natasha/Natasha_23,/VersCoffreFort/archives/Images/2010/04/20100404_223034_VersCoffreFort_archives_xxx_LATEXOTICA_natasha_23_Photo_1094--odr--.jpg,
14:12:26,440B3E9A717E6203!sb3bd407f323844dbb8554832e8d3071a,SUCCESS,/drive/root:/VersCoffreFort/archives/xxx/XXX/LATEXOTICA/anastacia/Anastacia_46,/VersCoffreFort/archives/Images/2010/05/20100504_195618_VersCoffreFort_archives_xxx_LATEXOTICA_anastacia_46_Photo_2945--odr--.jpg,
14:12:27,440B3E9A717E6203!s05282fa4e83c4447aa95c334a6c5d01b,SUCCESS,/drive/root:/VersCoffreFort/archives/xxx/XXX/LATEXOTICA/anastacia/Anastacia_46,/VersCoffreFort/archives/Images/2010/05/20100504_195952_VersCoffreFort_archives_xxx_LATEXOTICA_anastacia_46_Photo_2982--odr--.jpg,
14:12:28,440B3E9A717E6203!sf1d1852b6f2a421d845d4d5a67f4045d,SUCCESS,/drive/root:/VersCoffreFort/archives/xxx/XXX/LATEXOTICA/jerri/Jerri_17,/VersCoffreFort/archives/Images/2010/05/20100513_205408_VersCoffreFort_archives_xxx_LATEXOTICA_jerri_17_Photo_1203--odr--.jpg,
14:12:29,440B3E9A717E6203!s9f28a22643f24618bac700c6e66d932f,SUCCESS,/drive/root:/VersCoffreFort/archives/xxx/XXX/LATEXOTICA/lara/Lara_32_2,/VersCoffreFort/archives/Images/2010/07/20100704_162004_VersCoffreFort_archives_xxx_LATEXOTICA_lara_32_2_Photo_9913--odr--.jpg,
14:12:30,440B3E9A717E6203!sad748c83f5404fbca06718b9d5759a5a,SUCCESS,/drive/root:/VersCoffreFort/archives/xxx/XXX/LATEXOTICA/natalie/Natalie_10,/VersCoffreFort/archives/Images/2010/07/20100712_193910_VersCoffreFort_archives_xxx_LATEXOTICA_natalie_10_Photo_4885--odr--.jpg,
14:12:31,440B3E9A717E6203!s4dffd83b64854db2b1a967b6419490e5,SUCCESS,/drive/root:/VersCoffreFort/archives/xxx/XXX/LATEXOTICA/natasha/Natasha_30,/VersCoffreFort/archives/Images/2010/09/20100913_015206_VersCoffreFort_archives_xxx_LATEXOTICA_natasha_30_Photo_11160--odr--.jpg,
14:12:32,440B3E9A717E6203!sade11023bbff49b796ccd61e92791b82,SUCCESS,/drive/root:/VersCoffreFort/archives/xxx/XXX/LATEXOTICA/natasha/Natasha_30,/VersCoffreFort/archives/Images/2010/09/20100913_015430_VersCoffreFort_archives_xxx_LATEXOTICA_natasha_30_Photo_11194--odr--.jpg,
14:12:33,440B3E9A717E6203!s6f5e3b54fe324726bbf5a74f7d8ac307,SUCCESS,/drive/root:/VersCoffreFort/archives/xxx/ondrv/Nouveau dossier/XX/BOOTS/bottes,/VersCoffreFort/archives/Images/2010/10/20101007_025418_VersCoffreFort_archives_xxx_ondrv_Nouveau_dossier_XX_BOOTS_bottes_jennifer_lopez_12254638f17--odr--.jpg,
14:12:34,440B3E9A717E6203!s6b346f3ff27a4f1585f62e14fe665bfb,SUCCESS,/drive/root:/VersCoffreFort/archives/xxx/XXX/LATEXOTICA/anastacia/Anastacia_11,/VersCoffreFort/archives/Images/2010/11/20101120_161618_VersCoffreFort_archives_xxx_LATEXOTICA_anastacia_11_DSC04056--odr--.jpg,
14:12:34,440B3E9A717E6203!s4841bf646b084a2991e2c2e059194c13,SUCCESS,/drive/root:/VersCoffreFort/archives/xxx/XXX/tri-img/3d/Nouveau dossier (4)/a (31),/VersCoffreFort/archives/Images/2011/04/20110402_201452_VersCoffreFort_archives_xxx_tri_img_3d_Nouveau_dossier_4_31_Ayako_Sex_Addiction_Extras_091--odr--.jpg,
14:12:36,440B3E9A717E6203!sbad05eca7e6d41fb824b497436505136,SUCCESS,/drive/root:/VersCoffreFort/archives/xxx/XXX/tri-img/3d/Nouveau dossier (4)/a (31),/VersCoffreFort/archives/Images/2011/04/20110406_020922_VersCoffreFort_archives_xxx_tri_img_3d_Nouveau_dossier_4_31_Ayako_Sex_Addiction_035--odr--.jpg,
14:12:36,440B3E9A717E6203!sa3552ecbc8514007afcab34ce63bfa30,SUCCESS,/drive/root:/VersCoffreFort/archives/xxx/XXX/tri-img/Beautés Wow,/VersCoffreFort/archives/Images/2011/05/20110521_013846_VersCoffreFort_archives_xxx_tri_img_Beautes_Wow_women_mil_v_non_500_3--odr--.jpg,
14:12:37,440B3E9A717E6203!sa102c021c6b54217b6fed34917b82bc4,SUCCESS,/drive/root:/VersCoffreFort/archives/xxx/XXX/tri-img/Beautés Wow,/VersCoffreFort/archives/Images/2011/07/20110708_015356_VersCoffreFort_archives_xxx_tri_img_Beautes_Wow_desi_aunty_mallu_57--odr--.jpg,
14:12:39,440B3E9A717E6203!sd04876dc7e974521b54b9210dd9c695f,SUCCESS,/drive/root:/VersCoffreFort/archives/xxx/XXX/tri-img/heike,/VersCoffreFort/archives/Images/2011/11/20111103_004050_VersCoffreFort_archives_xxx_tri_img_heike_6031511593_d1c5d548a5_b--odr--.jpg,
14:12:39,440B3E9A717E6203!scaee0e8f6c254d44a0435f9012e611ec,SUCCESS,/drive/root:/VersCoffreFort/archives/xxx/XXX/tri-img/3d/Nouveau dossier (4)/Nouveau dossier/a (6),/VersCoffreFort/archives/Images/2011/12/20111229_023056_VersCoffreFort_archives_xxx_tri_img_3d_Nouveau_dossier_4_6_m_n2--odr--.jpg,
14:12:40,440B3E9A717E6203!s51c63f0486704708a6c6e790f44e7891,SUCCESS,/drive/root:/VersCoffreFort/archives/xxx/XXX/tri-img/3d/Nouveau dossier (4)/Nouveau dossier/b (27),/VersCoffreFort/archives/Images/2012/03/20120315_041228_VersCoffreFort_archives_xxx_tri_img_3d_Nouveau_dossier_4_b_27_jmjjuh6--odr--.jpg,
14:12:41,440B3E9A717E6203!s610d984a604a48e99f981384d56cdc57,SUCCESS,/drive/root:/VersCoffreFort/archives/xxx/XXX/LATEXOTICA/lara/lara (5),/VersCoffreFort/archives/Images/2012/04/20120405_201030_VersCoffreFort_archives_xxx_LATEXOTICA_lara_5_BlackCatsuit_08_021--odr--.jpg,
14:12:42,440B3E9A717E6203!sfffd5dde1db842c7bffd39756433f80d,SUCCESS,/drive/root:/VersCoffreFort/archives/xxx/XXX/LATEXOTICA/lara/lara (17),/VersCoffreFort/archives/Images/2012/04/20120405_201038_VersCoffreFort_archives_xxx_LATEXOTICA_lara_17_BlackSleevedCatsuit_09_005--odr--.jpg,
14:12:43,440B3E9A717E6203!s713c7fe648124dacab406c194bf20328,SUCCESS,/drive/root:/VersCoffreFort/archives/xxx/XXX/LATEXOTICA/lauren/lau (12),/VersCoffreFort/archives/Images/2012/04/20120405_201140_VersCoffreFort_archives_xxx_LATEXOTICA_lauren_lau_12_PoliceCatsuit_07_030--odr--.jpg,
14:12:44,440B3E9A717E6203!sd2fbb350f44e43a9aef8a9d99173ea46,SUCCESS,/drive/root:/VersCoffreFort/archives/xxx/XXX/LATEXOTICA/lauren/lau (12),/VersCoffreFort/archives/Images/2012/04/20120405_201140_VersCoffreFort_archives_xxx_LATEXOTICA_lauren_lau_12_PoliceCatsuit_07_082--odr--.jpg,
14:12:45,440B3E9A717E6203!sb80e8418d7f34ca4b9dad9f3093676a2,SUCCESS,/drive/root:/VersCoffreFort/archives/xxx/XXX/LATEXOTICA/lauren/lau (12),/VersCoffreFort/archives/Images/2012/04/20120405_201140_VersCoffreFort_archives_xxx_LATEXOTICA_lauren_lau_12_PoliceCatsuit_07_091--odr--.jpg,
14:12:46,440B3E9A717E6203!s7cf5a5d4a9aa49a8939d24587d0d0213,SUCCESS,/drive/root:/VersCoffreFort/archives/xxx/XXX/LATEXOTICA/monica/mon (2),/VersCoffreFort/archives/Images/2012/04/20120405_201334_VersCoffreFort_archives_xxx_LATEXOTICA_monica_mon_2_BlackDress_08_064--odr--.jpg,
14:12:47,440B3E9A717E6203!s898d031ed88e469cb1dd174ae2e0c798,SUCCESS,/drive/root:/VersCoffreFort/archives/xxx/XXX/LATEXOTICA/monica/mon (3),/VersCoffreFort/archives/Images/2012/04/20120405_201336_VersCoffreFort_archives_xxx_LATEXOTICA_monica_mon_3_BlackTrousers_08_055--odr--.jpg,
14:12:48,440B3E9A717E6203!s5c2fa6838cf647c0bf17bd9689985f3c,SUCCESS,/drive/root:/VersCoffreFort/archives/xxx/XXX/LATEXOTICA/natalie,/VersCoffreFort/archives/Images/2012/04/20120405_201410_VersCoffreFort_archives_xxx_LATEXOTICA_natalie_BlackMinidress_07_082--odr--.jpg,
14:12:49,440B3E9A717E6203!s8e1940b6e5744150a6a671e730eea83f,SUCCESS,/drive/root:/VersCoffreFort/archives/xxx/XXX/LATEXOTICA/natalie,/VersCoffreFort/archives/Images/2012/04/20120405_201414_VersCoffreFort_archives_xxx_LATEXOTICA_natalie_BlackTrousers_08_047--odr--.jpg,
14:12:50,440B3E9A717E6203!s146619f7a32743e08ad4e28bcd5883e3,SUCCESS,/drive/root:/VersCoffreFort/archives/xxx/XXX/LATEXOTICA/natalie,/VersCoffreFort/archives/Images/2012/04/20120405_201416_VersCoffreFort_archives_xxx_LATEXOTICA_natalie_BlueDress_08_061--odr--.jpg,
14:12:51,440B3E9A717E6203!s05ffc510b88342acb38d45d9a12b1844,SUCCESS,/drive/root:/VersCoffreFort/archives/xxx/XXX/LATEXOTICA/natalie,/VersCoffreFort/archives/Images/2012/04/20120405_201420_VersCoffreFort_archives_xxx_LATEXOTICA_natalie_RedCatsuit_09_024--odr--.jpg,
14:12:52,440B3E9A717E6203!sdf1d4b70a55944e6b36111d48052f1b8,SUCCESS,/drive/root:/VersCoffreFort/archives/xxx/XXX/LATEXOTICA/natalie,/VersCoffreFort/archives/Images/2012/04/20120405_201420_VersCoffreFort_archives_xxx_LATEXOTICA_natalie_RedCatsuit_09_040--odr--.jpg,
14:12:53,440B3E9A717E6203!s10f97ad6705c4ed7942e28c702d3d517,SUCCESS,/drive/root:/VersCoffreFort/archives/xxx/XXX/LATEXOTICA/natalie,/VersCoffreFort/archives/Images/2012/04/20120405_201430_VersCoffreFort_archives_xxx_LATEXOTICA_natalie_RedCatsuit_11_034--odr--.jpg,
14:12:54,440B3E9A717E6203!s569b938a9060446f8960accffc2aa36b,SUCCESS,/drive/root:/VersCoffreFort/archives/xxx/XXX/LATEXOTICA/natasha,/VersCoffreFort/archives/Images/2012/04/20120405_201432_VersCoffreFort_archives_xxx_LATEXOTICA_natasha_BlackKeyholeCatsuit_08_033--odr--.jpg,
14:12:55,440B3E9A717E6203!s7328000359c84c37812b11a72b503503,SUCCESS,/drive/root:/VersCoffreFort/archives/xxx/XXX/LATEXOTICA/natasha,/VersCoffreFort/archives/Images/2012/04/20120405_201442_VersCoffreFort_archives_xxx_LATEXOTICA_natasha_PoliceCatsuit_08_028--odr--.jpg,
14:12:56,440B3E9A717E6203!s368c59775a3b4d55afc03d1720d5b158,SUCCESS,/drive/root:/VersCoffreFort/archives/xxx/XXX/LATEXOTICA/natasha,/VersCoffreFort/archives/Images/2012/04/20120405_201444_VersCoffreFort_archives_xxx_LATEXOTICA_natasha_PurpleTrousers_08_065--odr--.jpg,
14:12:57,440B3E9A717E6203!s167c14b524514072ac2e466750b7bfea,SUCCESS,/drive/root:/VersCoffreFort/archives/xxx/XXX/LATEXOTICA/natasha,/VersCoffreFort/archives/Images/2012/04/20120405_201444_VersCoffreFort_archives_xxx_LATEXOTICA_natasha_PurpleTrousers_08_086--odr--.jpg,
14:12:57,440B3E9A717E6203!s6453a06c8b2149a997dd36b38e18c8ac,SUCCESS,/drive/root:/VersCoffreFort/archives/xxx/XXX/LATEXOTICA/natasha,/VersCoffreFort/archives/Images/2012/04/20120405_201506_VersCoffreFort_archives_xxx_LATEXOTICA_natasha_BlueOutfit_09_021--odr--.jpg,
14:12:58,440B3E9A717E6203!s80b9aad3abbe449ba83c6bd64b076d75,SUCCESS,/drive/root:/VersCoffreFort/archives/xxx/XXX/LATEXOTICA/natasha,/VersCoffreFort/archives/Images/2012/04/20120405_201512_VersCoffreFort_archives_xxx_LATEXOTICA_natasha_LatexTuxedo_09_033--odr--.jpg,
14:12:59,440B3E9A717E6203!s1c539dc1c4eb400eb1c817e61d284709,SUCCESS,/drive/root:/VersCoffreFort/archives/xxx/XXX/LATEXOTICA/natasha,/VersCoffreFort/archives/Images/2012/04/20120405_201514_VersCoffreFort_archives_xxx_LATEXOTICA_natasha_LatexTuxedo_09_046--odr--.jpg,
14:13:00,440B3E9A717E6203!s279a5dde702b497c8443d79bace7cd0f,SUCCESS,/drive/root:/VersCoffreFort/archives/xxx/XXX/LATEXOTICA/natasha,/VersCoffreFort/archives/Images/2012/04/20120405_201526_VersCoffreFort_archives_xxx_LATEXOTICA_natasha_RedCatsuit_09_014--odr--.jpg,
14:13:02,440B3E9A717E6203!s45e31f74c7e14ceab59e095ca7c9cd2f,SUCCESS,/drive/root:/VersCoffreFort/archives/xxx/XXX/LATEXOTICA/natasha,/VersCoffreFort/archives/Images/2012/04/20120405_201536_VersCoffreFort_archives_xxx_LATEXOTICA_natasha_BlackCapriPants_10_004--odr--.jpg,
14:13:02,440B3E9A717E6203!s56c900b3c4374e4f90ee75be99635735,SUCCESS,/drive/root:/VersCoffreFort/archives/xxx/XXX/LATEXOTICA/natasha,/VersCoffreFort/archives/Images/2012/04/20120405_201542_VersCoffreFort_archives_xxx_LATEXOTICA_natasha_BlackCatsuit_10_017--odr--.jpg,
14:13:03,440B3E9A717E6203!s3eb3d380d84a4a7ea01bbce35cd4ba02,SUCCESS,/drive/root:/VersCoffreFort/archives/xxx/XXX/LATEXOTICA/natasha,/VersCoffreFort/archives/Images/2012/04/20120405_201542_VersCoffreFort_archives_xxx_LATEXOTICA_natasha_BlackCatsuit_10_039--odr--.jpg,
14:13:04,440B3E9A717E6203!s6fa0e1045e0344dc8dcf93261966445a,SUCCESS,/drive/root:/VersCoffreFort/archives/xxx/XXX/LATEXOTICA/natasha,/VersCoffreFort/archives/Images/2012/04/20120405_201554_VersCoffreFort_archives_xxx_LATEXOTICA_natasha_BlueCatsuit_10_067--odr--.jpg,
14:13:05,440B3E9A717E6203!s137fda33afe842d18fa784e5169b9d34,SUCCESS,/drive/root:/VersCoffreFort/archives/xxx/XXX/LATEXOTICA/natasha,/VersCoffreFort/archives/Images/2012/04/20120405_201554_VersCoffreFort_archives_xxx_LATEXOTICA_natasha_BlueCatsuit_10_081--odr--.jpg,
14:13:06,440B3E9A717E6203!s8a15a2eb86774d3bbc70f91c56a2ea8c,SUCCESS,/drive/root:/VersCoffreFort/archives/xxx/XXX/LATEXOTICA/natasha,/VersCoffreFort/archives/Images/2012/04/20120405_201556_VersCoffreFort_archives_xxx_LATEXOTICA_natasha_GreenDress_10_017--odr--.jpg,
14:13:07,440B3E9A717E6203!s8b2b2a12e5fb482780001c03a0bf9fed,SUCCESS,/drive/root:/VersCoffreFort/archives/xxx/XXX/LATEXOTICA/natasha,/VersCoffreFort/archives/Images/2012/04/20120405_201626_VersCoffreFort_archives_xxx_LATEXOTICA_natasha_PurpleDress_10_038--odr--.jpg,
14:13:08,440B3E9A717E6203!s927e27b050c3448183877d77923759ef,SUCCESS,/drive/root:/VersCoffreFort/archives/xxx/XXX/LATEXOTICA/natasha,/VersCoffreFort/archives/Images/2012/04/20120405_201630_VersCoffreFort_archives_xxx_LATEXOTICA_natasha_PurpleDress_10_063--odr--.jpg,
14:13:09,440B3E9A717E6203!sf98caa0dd75b4f09a3ae5f577bed1968,SUCCESS,/drive/root:/VersCoffreFort/archives/xxx/XXX/LATEXOTICA/natasha,/VersCoffreFort/archives/Images/2012/04/20120405_201636_VersCoffreFort_archives_xxx_LATEXOTICA_natasha_PurpleSleevelessDress_10_077--odr--.jpg,
14:13:10,440B3E9A717E6203!s99a28305acc2455eb6054a82cd95e15c,SUCCESS,/drive/root:/VersCoffreFort/archives/xxx/XXX/LATEXOTICA/natasha,/VersCoffreFort/archives/Images/2012/04/20120405_201658_VersCoffreFort_archives_xxx_LATEXOTICA_natasha_RedSkirt_10_082--odr--.jpg,
14:13:11,440B3E9A717E6203!sd323f55b9f514d60a5044d19a626ddd9,SUCCESS,/drive/root:/VersCoffreFort/archives/xxx/XXX/LATEXOTICA/natasha,/VersCoffreFort/archives/Images/2012/04/20120405_201700_VersCoffreFort_archives_xxx_LATEXOTICA_natasha_WhiteSkirt_10_047--odr--.jpg,
14:13:12,440B3E9A717E6203!sbaa28de39333474294c59a46b727a328,SUCCESS,/drive/root:/VersCoffreFort/archives/xxx/XXX/LATEXOTICA/natasha,/VersCoffreFort/archives/Images/2012/04/20120405_201702_VersCoffreFort_archives_xxx_LATEXOTICA_natasha_WhiteSkirt_10_061--odr--.jpg,
14:13:13,440B3E9A717E6203!s43146a18fc704518a3c1da68cc253540,SUCCESS,/drive/root:/VersCoffreFort/archives/xxx/XXX/LATEXOTICA/lara/2010-Black Latex Catsuit & Black Latex Dress with Lara,/VersCoffreFort/archives/Images/2012/04/20120405_201812_VersCoffreFort_archives_xxx_LATEXOTICA_lara_2010_Black_Latex_Catsuit_Dress_with_Olivia_BlackOutfits_withLara_10_022--odr--.jpg,
14:13:14,440B3E9A717E6203!s8648f9863dbd4f28a6ea0cedaab6f102,SUCCESS,/drive/root:/VersCoffreFort/archives/xxx/XXX/LATEXOTICA/tori,/VersCoffreFort/archives/Images/2012/04/20120405_202240_VersCoffreFort_archives_xxx_LATEXOTICA_tori_BlackHalterCatsuit_08_094--odr--.jpg,
14:13:15,440B3E9A717E6203!s08290e6800684e9daf2d0c3d63a13c1c,SUCCESS,/drive/root:/VersCoffreFort/archives/xxx/XXX/LATEXOTICA/tori,/VersCoffreFort/archives/Images/2012/04/20120405_202258_VersCoffreFort_archives_xxx_LATEXOTICA_tori_BlackDress_11_006--odr--.jpg,
14:13:15,440B3E9A717E6203!s5b1fc635f1ff4527acffcc6adb853c53,SUCCESS,/drive/root:/VersCoffreFort/archives/xxx/XXX/LATEXOTICA/natasha,/VersCoffreFort/archives/Images/2012/04/20120406_021448_VersCoffreFort_archives_xxx_LATEXOTICA_natasha_BlackCatsuit_09_012--odr--.jpg,
14:13:16,440B3E9A717E6203!s70e4a54431fb47db8a0c7a940066cb1b,SUCCESS,/drive/root:/VersCoffreFort/archives/xxx/XXX/LATEXOTICA/!alicia brune,/VersCoffreFort/archives/Images/2012/04/20120406_100236_VersCoffreFort_archives_xxx_LATEXOTICA_alicia_brune_BlackCatsuit_08_096--odr--.jpg,
14:13:17,440B3E9A717E6203!sdef53a63280e40d88e1a34ab5e088485,SUCCESS,/drive/root:/VersCoffreFort/archives/xxx/XXX/LATEXOTICA/!alicia brune,/VersCoffreFort/archives/Images/2012/04/20120406_100238_VersCoffreFort_archives_xxx_LATEXOTICA_alicia_brune_BlackLeggings_08_083--odr--.jpg,
14:13:18,440B3E9A717E6203!s2857a1c14cd34db2b1bdc6f22451213b,SUCCESS,/drive/root:/VersCoffreFort/archives/xxx/XXX/LATEXOTICA/!alicia brune,/VersCoffreFort/archives/Images/2012/04/20120406_100248_VersCoffreFort_archives_xxx_LATEXOTICA_alicia_brune_RedCatsuit_08_096--odr--.jpg,
14:13:19,440B3E9A717E6203!sc25b7df4b2d94ccdb420ab8a4f56931b,SUCCESS,/drive/root:/VersCoffreFort/archives/xxx/XXX/LATEXOTICA/!alicia brune,/VersCoffreFort/archives/Images/2012/04/20120406_100254_VersCoffreFort_archives_xxx_LATEXOTICA_alicia_brune_BlackLeather_09_029--odr--.jpg,
14:13:20,440B3E9A717E6203!sbff94e683cc54715ac665c9ed1daef79,SUCCESS,/drive/root:/VersCoffreFort/archives/xxx/XXX/LATEXOTICA/anastacia,/VersCoffreFort/archives/Images/2012/04/20120406_100650_VersCoffreFort_archives_xxx_LATEXOTICA_anastacia_Ana_BlackHalter_06_020--odr--.jpg,
14:13:21,440B3E9A717E6203!sf0ab2e3ee36c4383b1b611445fac9080,SUCCESS,/drive/root:/VersCoffreFort/archives/xxx/XXX/LATEXOTICA/anastacia,/VersCoffreFort/archives/Images/2012/04/20120406_100652_VersCoffreFort_archives_xxx_LATEXOTICA_anastacia_Ana_BlackHalter_06_040--odr--.jpg,
14:13:22,440B3E9A717E6203!s3147330ec384405586a30e54281ced1f,SUCCESS,/drive/root:/VersCoffreFort/archives/xxx/XXX/LATEXOTICA/anastacia,/VersCoffreFort/archives/Images/2012/04/20120406_100654_VersCoffreFort_archives_xxx_LATEXOTICA_anastacia_Ana_BlackPolice_06_017--odr--.jpg,
14:13:23,440B3E9A717E6203!sc8a122f5248940f387804fe6c6d70a63,SUCCESS,/drive/root:/VersCoffreFort/archives/xxx/XXX/LATEXOTICA/anastacia,/VersCoffreFort/archives/Images/2012/04/20120406_100654_VersCoffreFort_archives_xxx_LATEXOTICA_anastacia_Ana_BlackPolice_06_022--odr--.jpg,
14:13:23,440B3E9A717E6203!sc26a98681155493facd62f8e5afa16ad,SUCCESS,/drive/root:/VersCoffreFort/archives/xxx/XXX/LATEXOTICA/anastacia,/VersCoffreFort/archives/Images/2012/04/20120406_100704_VersCoffreFort_archives_xxx_LATEXOTICA_anastacia_Ana_BlueDress_06_055--odr--.jpg,
14:13:25,440B3E9A717E6203!s25898a9d011946db81ca57f9ad77fd0e,SUCCESS,/drive/root:/VersCoffreFort/archives/xxx/XXX/LATEXOTICA/anastacia,/VersCoffreFort/archives/Images/2012/04/20120406_100704_VersCoffreFort_archives_xxx_LATEXOTICA_anastacia_Ana_BlueDress_06_062--odr--.jpg,
14:13:25,440B3E9A717E6203!s27e3c0ed1b054fe9be5bf964a14a3669,SUCCESS,/drive/root:/VersCoffreFort/archives/xxx/XXX/LATEXOTICA/anastacia,/VersCoffreFort/archives/Images/2012/04/20120406_100730_VersCoffreFort_archives_xxx_LATEXOTICA_anastacia_Ana_BlueTop_07_103--odr--.jpg,
14:13:26,440B3E9A717E6203!s85de6e0a50c747b399d0538e8ff883df,SUCCESS,/drive/root:/VersCoffreFort/archives/xxx/XXX/LATEXOTICA/anastacia,/VersCoffreFort/archives/Images/2012/04/20120406_100732_VersCoffreFort_archives_xxx_LATEXOTICA_anastacia_Ana_PurpleTop_07_037--odr--.jpg,
14:13:27,440B3E9A717E6203!s64d737b5a4494b5c93db00d9defbe124,SUCCESS,/drive/root:/VersCoffreFort/archives/xxx/XXX/LATEXOTICA/anastacia,/VersCoffreFort/archives/Images/2012/04/20120406_100734_VersCoffreFort_archives_xxx_LATEXOTICA_anastacia_Ana_PurpleTop_07_110--odr--.jpg,
14:13:29,440B3E9A717E6203!s8bd029b9853843c68990eecee0e33f84,SUCCESS,/drive/root:/VersCoffreFort/archives/xxx/XXX/LATEXOTICA/anastacia,/VersCoffreFort/archives/Images/2012/04/20120406_100744_VersCoffreFort_archives_xxx_LATEXOTICA_anastacia_Ana_BlackLeggings_08_046--odr--.jpg,
14:13:30,440B3E9A717E6203!saf7f1c368d8945ffac594c546ed6d856,SUCCESS,/drive/root:/VersCoffreFort/archives/xxx/XXX/LATEXOTICA/anastacia,/VersCoffreFort/archives/Images/2012/04/20120406_100752_VersCoffreFort_archives_xxx_LATEXOTICA_anastacia_Ana_BlackPolice_08_055--odr--.jpg,
14:13:31,440B3E9A717E6203!s63e6e44426074e9cbd7944dfadcef13a,SUCCESS,/drive/root:/VersCoffreFort/archives/xxx/XXX/LATEXOTICA/anastacia,/VersCoffreFort/archives/Images/2012/04/20120406_100756_VersCoffreFort_archives_xxx_LATEXOTICA_anastacia_Ana_BlackLeather_08_074--odr--.jpg,
14:13:32,440B3E9A717E6203!sf17829f0a7b74a4a98d4741e033569e5,SUCCESS,/drive/root:/VersCoffreFort/archives/xxx/XXX/LATEXOTICA/anastacia,/VersCoffreFort/archives/Images/2012/04/20120406_100808_VersCoffreFort_archives_xxx_LATEXOTICA_anastacia_Ana_BlackHotpants_09_010--odr--.jpg,
14:13:33,440B3E9A717E6203!sf977402ba3ab45d4a9c88681f267be9f,SUCCESS,/drive/root:/VersCoffreFort/archives/xxx/XXX/LATEXOTICA/anastacia,/VersCoffreFort/archives/Images/2012/04/20120406_100848_VersCoffreFort_archives_xxx_LATEXOTICA_anastacia_Ana_BlackCatsuit_10_088--odr--.jpg,
