"Nom","Chemin","TailleMB","SHA1"
"f237839360.png","D:\recup\recup_dir.1\f237839360.png","0,09","4d2f85d1406db2c81b012902f0538c5e62a22400"
"f237885952.png","D:\recup\recup_dir.1\f237885952.png","0","08785c9620bc0c1fe2a1e7eb49bbc5e84b5b6766"
"f237886976.png","D:\recup\recup_dir.1\f237886976.png","0","7493ef8399faa6a276965fc3078c260c95b178a6"
"f237887488.png","D:\recup\recup_dir.1\f237887488.png","0","1307e3820af7816fac7415a0ad6e96c3bb0d4082"
"f237889024.svg","D:\recup\recup_dir.1\f237889024.svg","0","166660841a9b7bc72ca5b8a4293d810c4e0edbd4"
"f237888000.png","D:\recup\recup_dir.1\f237888000.png","0","ad6a1d983b6ce8586ce9599885d35b27f3200c7e"
"f237888512.png","D:\recup\recup_dir.1\f237888512.png","0","15f21207bfb73d390579213cff12e5a671858bf9"
"f237889536.png","D:\recup\recup_dir.1\f237889536.png","0","b8f08f620285d9e97998dcc44fc5f0deaa9e2a16"
"f237890560.png","D:\recup\recup_dir.1\f237890560.png","0","54bcf0ffe95957d9b259d22407b2922d741ce2b7"
"f237892608.png","D:\recup\recup_dir.1\f237892608.png","0","29c4962e7ee56514b620a4f91e97b32f72284556"
"f237892096.png","D:\recup\recup_dir.1\f237892096.png","0","5364b97421fe4fc2ea06c746ceb7cf4c7e6dde6d"
"f237891072.png","D:\recup\recup_dir.1\f237891072.png","0","b15d437c94a218ac40aedf13de124262dea96144"
"f237893120.png","D:\recup\recup_dir.1\f237893120.png","0","71b2643e7f2b9a90c282e0bab0612086d8325f18"
"f237893632.png","D:\recup\recup_dir.1\f237893632.png","0","82a05b672eb72fd19967b5e2c8f741c1580403f5"
"f237894144.png","D:\recup\recup_dir.1\f237894144.png","0","e66f45fc7dd6b140ae0fc76c2cc159b10dcfcebe"
"f237894656.png","D:\recup\recup_dir.1\f237894656.png","0","d39ba24896c85e91518d12110dcabda1fc01a6f7"
"f237895168.png","D:\recup\recup_dir.1\f237895168.png","0","decd20ed87cd999f14bbe929acf6dd08f8aa90ed"
"f237895680.png","D:\recup\recup_dir.1\f237895680.png","0","838bd001db659e8c5978c2ff8e90e4bb1f9edfe6"
"f237896192.png","D:\recup\recup_dir.1\f237896192.png","0","23875bb1a1c1dd5326848f2faaab352b465ce058"
"f237896704.png","D:\recup\recup_dir.1\f237896704.png","0","d5faab5742bb16f4eb060ed17619ce45e8a649e4"
"f237897216.png","D:\recup\recup_dir.1\f237897216.png","0","3f80d01b5f2d8f56384492775d78af620ccfd373"
"f237897728.png","D:\recup\recup_dir.1\f237897728.png","0","fe0b2df5b2d2297d5904a30593cbcb8a704b8634"
"f237898240.png","D:\recup\recup_dir.1\f237898240.png","0","6cd2944159b02ff38320e5102cf510fa81b5b216"
"f237898752.png","D:\recup\recup_dir.1\f237898752.png","0","b96e64b714c559b2b5079061fa931cab9a70b3f3"
"f237899264.png","D:\recup\recup_dir.1\f237899264.png","0","cfbf2d6e05bf8e975f91740be60149848b27d582"
"f237899776.png","D:\recup\recup_dir.1\f237899776.png","0","9dac517aabeb50efbfbed87789232fa9d71ecbbd"
"f237900288.png","D:\recup\recup_dir.1\f237900288.png","0","e27b0178601a8c1856d92106e563872524202895"
"f237900800.png","D:\recup\recup_dir.1\f237900800.png","0","333e7f724b00bd930055388cd7c21cc09a81c6ee"
"f237901312.png","D:\recup\recup_dir.1\f237901312.png","0","c0eeec03853b63f642fe3ed3c4e4f60c133ffdf9"
"f237901824.png","D:\recup\recup_dir.1\f237901824.png","0","a92dfaa64019eb927db47da3c20ced67cdafed17"
"f237902336.png","D:\recup\recup_dir.1\f237902336.png","0","6a4d8610f63eeca9b98b0749ab4002bcbd783ba8"
"f237903360.png","D:\recup\recup_dir.1\f237903360.png","0","884476cf9b30a7c11fd1def3867df2141c56f4fb"
"f237902848.png","D:\recup\recup_dir.1\f237902848.png","0","8639db59090891a8fd09d0dd360e8d105a57cfed"
"f237903872.png","D:\recup\recup_dir.1\f237903872.png","0","8a12fd90891f0ed4b65b28637f84ccb5c357a21e"
"f237904384.png","D:\recup\recup_dir.1\f237904384.png","0","9d32212c114f33ad079cd452b891dd0abaaf40d8"
"f237904896.png","D:\recup\recup_dir.1\f237904896.png","0","d046c316c2fee4032b32c2875a6be8564a6a296c"
"f237905408.png","D:\recup\recup_dir.1\f237905408.png","0","b5383b6b6b7e1f67dcfab786a7c42dbb23a4362f"
"f237905920.png","D:\recup\recup_dir.1\f237905920.png","0","4bfeb9aba211fb99e1be4b0c9516a10d503e78aa"
"f237906432.png","D:\recup\recup_dir.1\f237906432.png","0","7df0b72f55da8e6a265066b571304ac3d32275b4"
"f237906944.png","D:\recup\recup_dir.1\f237906944.png","0","a638d23522d61819648a6a23d8da3c8de482db3f"
"f237907456.png","D:\recup\recup_dir.1\f237907456.png","0","c53154c71aa7ea3ac41dda7baa66f9761625e1ba"
"f237908480.png","D:\recup\recup_dir.1\f237908480.png","0","710074fe04bda1639121a8eed44ceced306be4a5"
"f237908992.png","D:\recup\recup_dir.1\f237908992.png","0","5eda9b9ffb97385728c49d625232a21db70db6ed"
"f237907968.png","D:\recup\recup_dir.1\f237907968.png","0","3accc106b94acd6662e700cb65ce7a98adfbbf68"
"f237909504.png","D:\recup\recup_dir.1\f237909504.png","0","e9d1283fff37d6ba70a93f554d77c98b4a9c55df"
"f237910016.png","D:\recup\recup_dir.1\f237910016.png","0","5a4a4f4ed53385519f90f2dfd98f9ede8e22b24b"
"f237910528.png","D:\recup\recup_dir.1\f237910528.png","0","06f015ee307b7d8618f07f46c34b9508b8946ecb"
"f237911040.png","D:\recup\recup_dir.1\f237911040.png","0","d99a1c210cff4a98ca2de203d8dc4434d39ffc18"
"f237911552.png","D:\recup\recup_dir.1\f237911552.png","0","cde40e6c4b1714480d9dad1e78b6000f23de04d6"
"f237912064.png","D:\recup\recup_dir.1\f237912064.png","0","64f85d91022b21986f075b92324415eced7bcf7e"
"f237912576.png","D:\recup\recup_dir.1\f237912576.png","0","6660e6a7d5838e1a7d5c89a46300de0512454c00"
"f237913088.png","D:\recup\recup_dir.1\f237913088.png","0","f17e3b572fb8a8c327bbefc1024a327a547456f5"
"f237913600.png","D:\recup\recup_dir.1\f237913600.png","0","f1aa08df66b8a7aa9cfac31b0530691ce4d62367"
"f237914112.png","D:\recup\recup_dir.1\f237914112.png","0","0104e702a9f2eeaf89fa345e91ce47fb18daac21"
"f237915136.png","D:\recup\recup_dir.1\f237915136.png","0","f263829cebb98aebc86377077a23ac55a8a3d686"
"f237914624.png","D:\recup\recup_dir.1\f237914624.png","0","4b9c05e4c1ecd7b1908f9df46dc1f7ea510d0f8b"
"f237915648.png","D:\recup\recup_dir.1\f237915648.png","0","d18a522bdd94b8cf346f1c93bd7f105f48e23c18"
"f237916160.png","D:\recup\recup_dir.1\f237916160.png","0","35fe5ed70bc2120f3e702f699bd7065e138126c0"
"f237916672.png","D:\recup\recup_dir.1\f237916672.png","0","6857eaf8c91052944972abe1c23aa5fcde49a0f5"
"f237917184.png","D:\recup\recup_dir.1\f237917184.png","0","f5a2e3873e1bcc2d9d23244b742ef1b399cbcdec"
"f237917696.png","D:\recup\recup_dir.1\f237917696.png","0","827fa57ac88b6f334009697da74e0cf2a35cedf0"
"f237918208.png","D:\recup\recup_dir.1\f237918208.png","0","8b65eb44393cea0fae14e9ea07ffee12aa9674a4"
"f237918720.png","D:\recup\recup_dir.1\f237918720.png","0","b5a8dc866582193c69808710aa7b4c730fd95ede"
"f237919232.png","D:\recup\recup_dir.1\f237919232.png","0","c892f7199e4d16c86916a21d6a074a8a37acddb9"
"f237919744.png","D:\recup\recup_dir.1\f237919744.png","0","791044b17d034e94092e5445b09560435afef704"
"f237920256.png","D:\recup\recup_dir.1\f237920256.png","0","d349df2bf62a35723681a7432ca30a8327675a28"
"f237920768.png","D:\recup\recup_dir.1\f237920768.png","0","79a3ad3c4e657517c9aa9200b55c162cb620f035"
"f237921280.png","D:\recup\recup_dir.1\f237921280.png","0","5907695f14b01fbec85e2f58bf39b5df65f7eb9f"
"f237921792.png","D:\recup\recup_dir.1\f237921792.png","0","0ed0969f743e5462da6a6d830db1c34e1db2af1a"
"f237922304.png","D:\recup\recup_dir.1\f237922304.png","0","3ea0a7b9284275d7453644c1d90a7a89d936ce70"
"f237922816.png","D:\recup\recup_dir.1\f237922816.png","0","85d4b58fb493e8189d53d176e45e6ed7b827810a"
"f237923328.png","D:\recup\recup_dir.1\f237923328.png","0","ba83da538f28605eee1ed9c369d7e319c09ae0f6"
"f237923840.png","D:\recup\recup_dir.1\f237923840.png","0","09753a03ae04cc6d0a20c577619d3ffb3058b88b"
"f237924352.png","D:\recup\recup_dir.1\f237924352.png","0","9aa0c502cdfa504d51ae21de7181dd307a4bb857"
"f237924864.png","D:\recup\recup_dir.1\f237924864.png","0","6d2aeaff6917fa0cc9f9da07d55d1a982fa5e94f"
"f237925376.png","D:\recup\recup_dir.1\f237925376.png","0","02a779f5605be5521e434998908553a9923ba85a"
"f237925888.png","D:\recup\recup_dir.1\f237925888.png","0","2cb0a7ef664d75b30722c54a4cfeeef2478ebf1a"
"f237926400.png","D:\recup\recup_dir.1\f237926400.png","0","d56913104167bf6adcf74f74d30186c434ce069c"
"f237926912.png","D:\recup\recup_dir.1\f237926912.png","0","d8495af20cbf8ee121d15f02192a2496dc2ec218"
"f237927424.png","D:\recup\recup_dir.1\f237927424.png","0","83c6f7333c7a926fb4dd5b83674981ec507a8f8f"
"f237927936.png","D:\recup\recup_dir.1\f237927936.png","0","7b6f29011a16bca22105c482a7240c4d41ef8009"
"f237928448.png","D:\recup\recup_dir.1\f237928448.png","0","7f55985a231706e45a383a3530a202a28df69266"
"f237928960.png","D:\recup\recup_dir.1\f237928960.png","0","eec8b6322104fc67bb40810e8f662140b4b476a8"
"f237929472.png","D:\recup\recup_dir.1\f237929472.png","0","57885e461d2c8cb5c527a9d17dd8ca6b2da1c35c"
"f237929984.png","D:\recup\recup_dir.1\f237929984.png","0","17a8251cf96a54db7eff7a06466f436093ed8245"
"f237930496.png","D:\recup\recup_dir.1\f237930496.png","0","f64bad6b6f9b8dd6f6e1558c296f7f936f8041c4"
"f237931008.png","D:\recup\recup_dir.1\f237931008.png","0","810cd9bf250fc2f3611aa62fa39a18373d3c0cf8"
"f237931520.png","D:\recup\recup_dir.1\f237931520.png","0","e373e39d760dfcbe45d33c6135f08cacc97e481d"
"f237932032.png","D:\recup\recup_dir.1\f237932032.png","0","99804bedcadfd0e8cf75d14f2f8c82c510d19995"
"f237932544.png","D:\recup\recup_dir.1\f237932544.png","0","f3846be7e1465a8a7ad369e367fc57c19647cd40"
"f237933056.png","D:\recup\recup_dir.1\f237933056.png","0","0bad4766d0695d3e9e1546fc7cb40b546b66cc07"
"f237933568.png","D:\recup\recup_dir.1\f237933568.png","0","6173b8898db2480c1b4d94e88fe790f2b4f68083"
"f237934080.png","D:\recup\recup_dir.1\f237934080.png","0","690b6a3c4de4b774f3ade9b946bb5bd373b9510b"
"f237934592.png","D:\recup\recup_dir.1\f237934592.png","0","29ad71cdf846c0694bd7237684142786c47812bb"
"f237935104.png","D:\recup\recup_dir.1\f237935104.png","0","9ef11a864736452d132da11af15f713ea931e0f1"
"f237935616.png","D:\recup\recup_dir.1\f237935616.png","0","401a53c58a374fa06f8c383d3ebfc8b6472d0c0b"
"f237936128.png","D:\recup\recup_dir.1\f237936128.png","0","847b6437636f92313af813aee54c78d9f6316e69"
"f237936640.png","D:\recup\recup_dir.1\f237936640.png","0","509e65b80e8a8c33a901188b5bd2e68973f79b4a"
"f237937152.png","D:\recup\recup_dir.1\f237937152.png","0","8aa24809988d278834127badcea890f0da89129a"
"f237937664.png","D:\recup\recup_dir.1\f237937664.png","0","5f877dcbd37c800500bd34b5d1f462854283184f"
"f237938176.png","D:\recup\recup_dir.1\f237938176.png","0","edcf7458c6b5fb2946c4b20584048f8466136e02"
"f237938688.png","D:\recup\recup_dir.1\f237938688.png","0","49176fc0a7c3857ed5f86a3d1e157c38022f7e4a"
"f237939200.png","D:\recup\recup_dir.1\f237939200.png","0","038a1a514e07413ce055d4aab36758364fa689e4"
"f237939712.png","D:\recup\recup_dir.1\f237939712.png","0","d564933e26240e23a084c861f7d943e806b2bdd8"
"f237940224.png","D:\recup\recup_dir.1\f237940224.png","0","afcea79b9f0bb96135e439319021543b73f64144"
"f237940736.png","D:\recup\recup_dir.1\f237940736.png","0","c7027ba8a05311df154deafa85c055ef22474bb8"
"f237941248.png","D:\recup\recup_dir.1\f237941248.png","0","8277c0975960eab8982ee2cb2ac56ef6b0360e14"
"f237941760.png","D:\recup\recup_dir.1\f237941760.png","0","7b840a3a8aa74d638c28b6c4c1cc72cde4496151"
"f237942272.png","D:\recup\recup_dir.1\f237942272.png","0","9036212ae19feadfb059b96c5d9a7b1858183164"
"f237942784.png","D:\recup\recup_dir.1\f237942784.png","0","bc636eb688bb541a12542f903da212baa5db520c"
"f237943296.png","D:\recup\recup_dir.1\f237943296.png","0","4027b920739de057ce5894217dfbe866032c05fc"
"f237943808.png","D:\recup\recup_dir.1\f237943808.png","0","a49851538697f0989c52495323f06be2a5b7d14f"
"f237944320.png","D:\recup\recup_dir.1\f237944320.png","0","6407dd67e270a0e40e2c55927aaa7ae4b4808648"
"f237944832.png","D:\recup\recup_dir.1\f237944832.png","0","b5dddb14b161ba854f60a6b87dd4669fbe24d7d1"
"f237945344.png","D:\recup\recup_dir.1\f237945344.png","0","ef6e0677424584843e166ebaefb88cdfa0995756"
"f237945856.png","D:\recup\recup_dir.1\f237945856.png","0","84578470339d8c2f6a8be919a37246c3897bee39"
"f237946368.png","D:\recup\recup_dir.1\f237946368.png","0","3497c9356739dcaf6d4a6e77ba8bfbf6d7e98367"
"f237946880.png","D:\recup\recup_dir.1\f237946880.png","0","529d3b5a95b6c318dcd4c1cc8af098ce2571bb64"
"f237947392.png","D:\recup\recup_dir.1\f237947392.png","0","91d86b09f0c2818ab3527b5377ae6c1009398928"
"f237947904.png","D:\recup\recup_dir.1\f237947904.png","0","c1d4b261308844d87f4b6d52a22cf006a39abe72"
"f237948416.png","D:\recup\recup_dir.1\f237948416.png","0","9bc7b2b2049569ced552ce8dd6c24dc528720a5b"
"f237948928.png","D:\recup\recup_dir.1\f237948928.png","0","1de802d84f62e19d0ff561230acf75f93009fc4e"
"f237949440.png","D:\recup\recup_dir.1\f237949440.png","0","a1b2baf118fc9e0f6ac404e232dcf691a1f0dec2"
"f237949952.png","D:\recup\recup_dir.1\f237949952.png","0","4e6f5e88b1800a76e932892cfa9badc11dea83e5"
"f237950976.png","D:\recup\recup_dir.1\f237950976.png","0","5406dc3c8732cbba3c69785a1960f3097484e460"
"f237950464.png","D:\recup\recup_dir.1\f237950464.png","0","692f9e990ea3526068ad0b38bb67bfd7dec13ff4"
"f237951488.png","D:\recup\recup_dir.1\f237951488.png","0","cea4337e910f0c925242486343415133b562b3f5"
"f237952000.png","D:\recup\recup_dir.1\f237952000.png","0","e1f3b05dbfffb4ad7f7dccffa484cd9c1d496307"
"f237952512.png","D:\recup\recup_dir.1\f237952512.png","0","fd4e1a7e399e751d48a397d487199edf08c4f6e8"
"f237953024.png","D:\recup\recup_dir.1\f237953024.png","0","7941764deec69c21d5fd51f0d885ee7e69c560e1"
"f237953536.png","D:\recup\recup_dir.1\f237953536.png","0","ad31abbab8481dd8284231f6ea7aacbc968a428f"
"f237954048.png","D:\recup\recup_dir.1\f237954048.png","0","68815d953c3a3f7f72c89df8449ccb13f68f4a36"
"f237954560.png","D:\recup\recup_dir.1\f237954560.png","0","181d8e8652e38edf0f9865652eb406899684b60f"
"f237955072.png","D:\recup\recup_dir.1\f237955072.png","0","08078fc18f3ffa10ce952092c24e9b22e7c65e50"
"f237955584.png","D:\recup\recup_dir.1\f237955584.png","0","6ad9b5c0041d168a06b1b88d689686c049e29a3a"
"f237956096.png","D:\recup\recup_dir.1\f237956096.png","0","3726977308399c51ac5ef10845144b82440f4624"
"f237956608.png","D:\recup\recup_dir.1\f237956608.png","0","d4050ed97dc448ffefcebc541ff49f465ebeeeb0"
"f237957120.png","D:\recup\recup_dir.1\f237957120.png","0","aec9888de6166a0c6a5058d1397d0050c38aeffe"
"f237957632.png","D:\recup\recup_dir.1\f237957632.png","0","14c274ab734e60f0b87229fb05be9ea846370ce0"
"f237958144.png","D:\recup\recup_dir.1\f237958144.png","0","d550f234db1fec5f2d53d39b76b40cb8006d2c33"
"f237958656.png","D:\recup\recup_dir.1\f237958656.png","0","b0a5a5ddfb3d04273d884bba12e9bf96452cb763"
"f237959168.png","D:\recup\recup_dir.1\f237959168.png","0","04f194dd0206f8088eeb3246b40bdbfca6df3ec4"
"f237959680.png","D:\recup\recup_dir.1\f237959680.png","0","8eca1fd6136dfb986d6eec1ede63077fe76de273"
"f237960192.png","D:\recup\recup_dir.1\f237960192.png","0","6bb4b2a68d9823808d43e2e8b0448c5bb4546ebe"
"f237960704.png","D:\recup\recup_dir.1\f237960704.png","0","4556330f79e43c1913892327638926d79b5535ae"
"f237961216.png","D:\recup\recup_dir.1\f237961216.png","0","720d9b3811057f448efddf3660a316320e4f03e1"
"f237961728.png","D:\recup\recup_dir.1\f237961728.png","0","a0f394021269a840e4dbc0d56c2ed99e0e6314cb"
"f237962240.png","D:\recup\recup_dir.1\f237962240.png","0","5f246d7da09b462b9fd272fa82adced3fac8c295"
"f237962752.png","D:\recup\recup_dir.1\f237962752.png","0","cace033b532fe09257e6f428f2f977fc0b1ae0e8"
"f237963264.png","D:\recup\recup_dir.1\f237963264.png","0","5b3a76f8db6cddd74fd1c6ada80752f5adf0f2ec"
"f237963776.png","D:\recup\recup_dir.1\f237963776.png","0","411b186859a52c847340ff03ff36cf79ddb8068f"
"f237964800.png","D:\recup\recup_dir.1\f237964800.png","0","0a5874214bc8e85533f976be7531a56a48eeb920"
"f237964288.png","D:\recup\recup_dir.1\f237964288.png","0","db0581e80b5bfe01b20873184911037bcbc2bee5"
"f237965312.png","D:\recup\recup_dir.1\f237965312.png","0","3e93f246f4b88cce7ed2a9cdc23a5c8a32350922"
"f237965824.png","D:\recup\recup_dir.1\f237965824.png","0","c10db008614483a955c64aaa241db25361556dd4"
"f237966336.png","D:\recup\recup_dir.1\f237966336.png","0","03551220799b7ac03806c474b0231d2828260975"
"f237966848.png","D:\recup\recup_dir.1\f237966848.png","0","8de0dee57706ff7fbb72f140db92e2b476328c30"
"f237967360.png","D:\recup\recup_dir.1\f237967360.png","0","c46f32cd02e1a6af2520e7c7d036ca0076b3b8a1"
"f237967872.png","D:\recup\recup_dir.1\f237967872.png","0","e0f61c89702ca057969a55a3aa648d4985457d7e"
"f237968384.png","D:\recup\recup_dir.1\f237968384.png","0","df1d050e2b16e5bb228a4cdb962e4b72e0e1f952"
"f237968896.png","D:\recup\recup_dir.1\f237968896.png","0","5083fe8b1b52b04e98314bf7a84e5934d85ce70f"
"f237969408.png","D:\recup\recup_dir.1\f237969408.png","0","39a9e89a4db49fba6f9ecd8ff849ffb06ed81d7f"
"f237969920.png","D:\recup\recup_dir.1\f237969920.png","0","81ef89b0484fb4a309efd3c2852f5bb16b65b290"
"f237970432.png","D:\recup\recup_dir.1\f237970432.png","0","559b60720bf7a0d0dd981b057dba66e5a3321eb4"
"f237970944.png","D:\recup\recup_dir.1\f237970944.png","0","dfcbf523733c2478dab65defda4f76528acd8ec8"
"f237971456.png","D:\recup\recup_dir.1\f237971456.png","0","b6a9193454e9275b4c02dcb34f827053c874b9d9"
"f237971968.png","D:\recup\recup_dir.1\f237971968.png","0","26370af0109c284187608792b000e39b8d785456"
"f237972480.png","D:\recup\recup_dir.1\f237972480.png","0","cd2e45d5122ebcebe77a1359b9e4d404e77ddd22"
"f237972992.png","D:\recup\recup_dir.1\f237972992.png","0","ba1bc32da3b80bad54db0c58cba67f286001c53c"
"f237973504.png","D:\recup\recup_dir.1\f237973504.png","0","f5f1956f2f5d3bc48af6b3abc9d8d65df0a05d32"
"f237974016.png","D:\recup\recup_dir.1\f237974016.png","0","c6f5dde5ff2d80256300cf2076c667199906b400"
"f237974528.png","D:\recup\recup_dir.1\f237974528.png","0","a97e0542cce0fd5b178ba4d6c4be4c2da752822e"
"f237975040.png","D:\recup\recup_dir.1\f237975040.png","0","34c3b0a4a98e950fc40b3a2197762a1aa7547337"
"f237975552.png","D:\recup\recup_dir.1\f237975552.png","0","65d05abf03d9c4b7d26d479b92934c4ffdf71030"
"f237976064.png","D:\recup\recup_dir.1\f237976064.png","0","03b83d398e46c1ccaf343905ad5b07d7cb20fe60"
"f237976576.png","D:\recup\recup_dir.1\f237976576.png","0","e2390dd16ab6d3fbd4fe1fff6f38821b08203e42"
"f237977088.png","D:\recup\recup_dir.1\f237977088.png","0","a52e365e268d968aac4e8e24bf3b5905dbe5d464"
"f237978112.png","D:\recup\recup_dir.1\f237978112.png","0","f7577d3be8fd67f83490cfe005c6d22b8812f2b1"
"f237978624.png","D:\recup\recup_dir.1\f237978624.png","0","1336334064a0e5ca7a30114e725b3cb7aa29fe0b"
"f237979136.png","D:\recup\recup_dir.1\f237979136.png","0","fc49f94f79313434122705166c7f2ee9db8aa992"
"f237979648.png","D:\recup\recup_dir.1\f237979648.png","0","dbeffa9c0de587bd685cb0fb47883556b877c237"
"f237980160.png","D:\recup\recup_dir.1\f237980160.png","0","72c9b2542f1b3aacdbb72bdccc107e6a4135fc0f"
"f237980672.png","D:\recup\recup_dir.1\f237980672.png","0","3f2095b3d3b5f1240b118027d98faa810941c10b"
"f237981184.png","D:\recup\recup_dir.1\f237981184.png","0","5e3640756f0051b940cc9b8179acf98683d5cd7b"
"f237981696.png","D:\recup\recup_dir.1\f237981696.png","0","bce9311b58e6d86031d92872149b47e68436b5d1"
"f237982208.png","D:\recup\recup_dir.1\f237982208.png","0","8fd291288ba090c9c933234be93131d6390b71c1"
"f237982720.png","D:\recup\recup_dir.1\f237982720.png","0","211e8acee75fb2144a405938be906db107ae2ec1"
"f237983232.png","D:\recup\recup_dir.1\f237983232.png","0","b0a5a5ddfb3d04273d884bba12e9bf96452cb763"
"f237983744.png","D:\recup\recup_dir.1\f237983744.png","0","90eeffea2aaf31c84f57432c2e7750ff46563711"
"f237984256.png","D:\recup\recup_dir.1\f237984256.png","0","ab9024062308a601a946360b64fc250bf1bb3fb5"
"f237984768.png","D:\recup\recup_dir.1\f237984768.png","0","d41b2c1a21fe3e8d0909843affdb095aa85beb14"
"f237985280.png","D:\recup\recup_dir.1\f237985280.png","0","7af42009d43cf3ec2ec735af333b2cedad93bdf8"
"f237985792.png","D:\recup\recup_dir.1\f237985792.png","0","8b7a533959e3f73176a55623903e3cfdc6da1e9d"
"f237986304.png","D:\recup\recup_dir.1\f237986304.png","0","22a0e1345807e137b7ef6369b9d9646477d8fb59"
"f237986816.png","D:\recup\recup_dir.1\f237986816.png","0","92763535516cd0d72fed02a093e9174fe6b6f699"
"f237987328.png","D:\recup\recup_dir.1\f237987328.png","0","0a675a08d08d9fe9146051356fac4bc162349a4f"
"f237987840.png","D:\recup\recup_dir.1\f237987840.png","0","a87ddf2c8db1379dc110a2b440f80367d0fc6b5c"
"f237988352.png","D:\recup\recup_dir.1\f237988352.png","0","d31d1552a0cfef26732442a2a6f2142be515bdb7"
"f237988864.png","D:\recup\recup_dir.1\f237988864.png","0","8c15c0b211ca0bf087d8dd98fd1a98c378cb9762"
"f237989376.png","D:\recup\recup_dir.1\f237989376.png","0","a71d83d2d8db05979b38e22231b00641637d248d"
"f237989888.png","D:\recup\recup_dir.1\f237989888.png","0","aecc4a517ec5725caa38deef53d99bfb8832a446"
"f237990400.png","D:\recup\recup_dir.1\f237990400.png","0","8055db2979a1e46782298d188eb74625eb1e55b0"
"f237990912.png","D:\recup\recup_dir.1\f237990912.png","0","127b75e6cd2c0e49ee0d444d04c0a356a4cb27aa"
"f237991424.png","D:\recup\recup_dir.1\f237991424.png","0","d40758bdc857304a732a68860e4d5b90c062595a"
"f237991936.png","D:\recup\recup_dir.1\f237991936.png","0","0b3d763815c05e13fda7865d6aaad887f4bc4bb5"
"f237992448.png","D:\recup\recup_dir.1\f237992448.png","0","7e9210b1fb562a2a08c37cd942918f51e1cfd345"
"f237992960.png","D:\recup\recup_dir.1\f237992960.png","0","2e5cfa2220cf7db2d57613243b886433aa304051"
"f237993472.png","D:\recup\recup_dir.1\f237993472.png","0","3c473b9f2cf7a8bd7ba4b17e2b561a3e76b31e93"
"f237993984.png","D:\recup\recup_dir.1\f237993984.png","0","007d8999e3b2a102231dc0d537a492cf410fb95c"
"f237994496.png","D:\recup\recup_dir.1\f237994496.png","0","f0e988b2bf7b8bb7c5b4194f9dc19a550fb1d4ba"
"f237995008.png","D:\recup\recup_dir.1\f237995008.png","0","488b80fed8e4e7e50fac9a5bfd4bc4229c32c8e6"
"f237995520.png","D:\recup\recup_dir.1\f237995520.png","0","08d68b0a21fd7a7b76e6e191052d02e7109116e3"
"f237996032.png","D:\recup\recup_dir.1\f237996032.png","0","8ef74cc88f0e61ac2578abcc9237a1904fdd15d5"
"f237996544.png","D:\recup\recup_dir.1\f237996544.png","0","a75df0714f9899897e46d94aade90888fcbfac9e"
"f237997056.png","D:\recup\recup_dir.1\f237997056.png","0","5a4791b32b6e167d9a599cc57d1748eaf595f1e8"
"f237997568.png","D:\recup\recup_dir.1\f237997568.png","0","79c91b172524ec78f592bda75b62d4befc9f900e"
"f237998080.png","D:\recup\recup_dir.1\f237998080.png","0","44d497ecd7f843998450570d1fe48c165dbc09b4"
"f237998592.png","D:\recup\recup_dir.1\f237998592.png","0","6c86b1d491bb453eac44fa469bb373087df46307"
"f237999104.png","D:\recup\recup_dir.1\f237999104.png","0","83c9ff6907f11ba475c54e2ec2c7a2e71f22caec"
"f237999616.png","D:\recup\recup_dir.1\f237999616.png","0","1bde7cc736662fdb8736999e04fa03a9a7f36e07"
"f238000128.png","D:\recup\recup_dir.1\f238000128.png","0","a2ac5e6b012a781e699787220ec047ad0da356cb"
"f238000640.png","D:\recup\recup_dir.1\f238000640.png","0","278bb0bb646d4c14efef118d4c9a84adc682af3a"
"f238001152.png","D:\recup\recup_dir.1\f238001152.png","0","488b80fed8e4e7e50fac9a5bfd4bc4229c32c8e6"
"f238001664.png","D:\recup\recup_dir.1\f238001664.png","0","cf2e757d35877d2adfd296e072ef0399ff973cc8"
"f238002176.png","D:\recup\recup_dir.1\f238002176.png","0","279d2a2a632f8c285c14bf93823ff8f4dd83f6c8"
"f238002688.png","D:\recup\recup_dir.1\f238002688.png","0","2fb6f19223027204c159b4faeab766e9c1a4a5a8"
"f238003200.png","D:\recup\recup_dir.1\f238003200.png","0","c8f8391562abba077a9d9785248cc7defb5a0725"
"f238003712.png","D:\recup\recup_dir.1\f238003712.png","0","349215ecd7916a02e3dd31d03981bf810a2568b4"
"f238004224.png","D:\recup\recup_dir.1\f238004224.png","0","a4d46e89d490147a8084ce55b44bd642245bfc82"
"f238004736.png","D:\recup\recup_dir.1\f238004736.png","0","48ff2389fc7f72ddfb5b6164edee617f9a8f25ef"
"f238005248.png","D:\recup\recup_dir.1\f238005248.png","0","0e28b6acd57ab07a8992fda93074b1a6f2826d31"
"f238005760.png","D:\recup\recup_dir.1\f238005760.png","0","d110b08d67b95a33576319f603bf3e7f30ca6fea"
"f238006272.png","D:\recup\recup_dir.1\f238006272.png","0","5f7f11a572e0d5f59dc1690a69bdfa3527d4b6db"
"f238006784.png","D:\recup\recup_dir.1\f238006784.png","0","24b62afd529be9b2a7f7dac2a8b5e291f8af87a3"
"f238007296.png","D:\recup\recup_dir.1\f238007296.png","0","635d93967f0119a2b69e57b7059c76be1235f95b"
"f238007808.png","D:\recup\recup_dir.1\f238007808.png","0","af00ae84c91ddcb28ad6629b9909513e71a834f6"
"f238008320.png","D:\recup\recup_dir.1\f238008320.png","0","aa67480e801dde0a803d6581c42dce844523f1ad"
"f238008832.png","D:\recup\recup_dir.1\f238008832.png","0","87cc7c93be9937d9ec30418f4b17b847683d60cf"
"f238009344.png","D:\recup\recup_dir.1\f238009344.png","0","896541b836488ae9d314dce840fc411ae875942a"
"f238009856.png","D:\recup\recup_dir.1\f238009856.png","0","38ecc7a6a1bea91ae2f8de2de9f66533724b74b2"
"f238010368.png","D:\recup\recup_dir.1\f238010368.png","0","5161846b69b99e5e2992ab6706e9ef62161c447f"
"f238010880.png","D:\recup\recup_dir.1\f238010880.png","0","0fc6647bc54599253ba15576a24d4d45a1d20c47"
"f238011392.png","D:\recup\recup_dir.1\f238011392.png","0","b0a5a5ddfb3d04273d884bba12e9bf96452cb763"
"f238011904.png","D:\recup\recup_dir.1\f238011904.png","0","bdd87f0f7f472785325c3626db8f25a24265b765"
"f238012416.png","D:\recup\recup_dir.1\f238012416.png","0","08c9d9a532ea2bd4b26562eb002f9b5975c2487a"
"f238012928.png","D:\recup\recup_dir.1\f238012928.png","0","f87f284edc8c82175f506bf888342d6770ef67e3"
"f238013952.png","D:\recup\recup_dir.1\f238013952.png","0","15d7acf66b233143d802780003ff4a53ab5af216"
"f238014464.png","D:\recup\recup_dir.1\f238014464.png","0","9a374286775775205a9b9b1ea8c72d86f8348171"
"f238014976.png","D:\recup\recup_dir.1\f238014976.png","0","8e6530044ed063dc486e4e584276a314bf64006e"
"f238015488.png","D:\recup\recup_dir.1\f238015488.png","0","3e680e160b351aa05dfd9c26dd5e744bb1c39b28"
"f238016000.png","D:\recup\recup_dir.1\f238016000.png","0","0f78c8940f705298c37966edf11c6c8bd310cfc7"
"f238016512.png","D:\recup\recup_dir.1\f238016512.png","0","68f002ad4844c0ac014d07cbe1f03ee33d5b57c7"
"f238017024.png","D:\recup\recup_dir.1\f238017024.png","0","bd467a3429b75e7db969a547a3a820cb5476d598"
"f238017536.png","D:\recup\recup_dir.1\f238017536.png","0","43f1756adf06a987d44f38471b837ce31fc3fb44"
"f238018048.png","D:\recup\recup_dir.1\f238018048.png","0","33cb0a3b029380cfab07d8d7b5908dca1a140562"
"f238018560.png","D:\recup\recup_dir.1\f238018560.png","0","ee177d5b383b0be3056fd190e436264a898cd521"
"f238019072.png","D:\recup\recup_dir.1\f238019072.png","0","f10fd9e16a54615425d351bfb52b74d16dab2a23"
"f238019584.png","D:\recup\recup_dir.1\f238019584.png","0","45ed7ccc7850b908872cbdbd705fe1e6f60f2f97"
"f238020096.png","D:\recup\recup_dir.1\f238020096.png","0","0bdd0944425066e97f2e58f73b65a27e074c408d"
"f238020608.png","D:\recup\recup_dir.1\f238020608.png","0","b702e63e9e1829785456ba649d3b2d5e5c371a62"
"f238021120.png","D:\recup\recup_dir.1\f238021120.png","0","2ab1e0cdec52f950bcca3ac50eca4b192f41f62c"
"f238021632.png","D:\recup\recup_dir.1\f238021632.png","0","36587ee99890f25af2b9bad060b114564cdcb674"
"f238022144.png","D:\recup\recup_dir.1\f238022144.png","0","aa0035427855da3a552b5f0700a630ac42295fee"
"f238022656.png","D:\recup\recup_dir.1\f238022656.png","0","8aa24809988d278834127badcea890f0da89129a"
"f238024704.png","D:\recup\recup_dir.1\f238024704.png","0","d86a3d096acd3eba5eef005eac7003fa14fe4bea"
"f238026240.png","D:\recup\recup_dir.1\f238026240.png","0","7e2d362d7573b4d50de81b38b62f130a9e2dd356"
"f238025216.png","D:\recup\recup_dir.1\f238025216.png","0","1843b2adbc869157ff7e6b214933d9b1999257c8"
"f238026752.png","D:\recup\recup_dir.1\f238026752.png","0","f7e565320131f6d622e5bd568b9575fcb8231b43"
"f238167040.png","D:\recup\recup_dir.2\f238167040.png","0","a64f693ec912b299be956d33e6707abf57852418"
"f238169600.png","D:\recup\recup_dir.2\f238169600.png","0","4eaab2e6ed5d44f4204c0405a65f47e2a7f07652"
"f238170112_ftyp.mov","D:\recup\recup_dir.2\f238170112_ftyp.mov","0","9500f79d1d637b728079aac3ede17549cda710e0"
"f238178816.mp3","D:\recup\recup_dir.2\f238178816.mp3","0","b8696ff3bb9ef1d52a84beb4fe04d03d00f51a06"
"f238181888.mp3","D:\recup\recup_dir.2\f238181888.mp3","0","6343eb2a52ecaf120304db384ce7ed179caca0ef"
"f238183424.png","D:\recup\recup_dir.2\f238183424.png","0","72906913a28080e86be5b113e0ad0f274f0d55e0"
"f238185472.gif","D:\recup\recup_dir.2\f238185472.gif","0","b80b11203d97fe01c5597ca3be70406ea48f5709"
"f241314816.jpg","D:\recup\recup_dir.2\f241314816.jpg","2,43","62e0e5df50fc6a84c3d64b2c104bdfaeb3725704"
"f241329664.jpg","D:\recup\recup_dir.2\f241329664.jpg","3,12","7453961edbad1b5e678bc401159a0da09c91b146"
"f246442496.jpg","D:\recup\recup_dir.2\f246442496.jpg","2,29","3b7be79774ac1704efc63420b370d77d00487663"
"f246426112.jpg","D:\recup\recup_dir.2\f246426112.jpg","5,33","a50b96ff014d7ca3cf8f230c4bf427506dfc8438"
"f246520832.jpg","D:\recup\recup_dir.2\f246520832.jpg","2,76","7513dc84f66960ab5b02cb7d0f4bee7527af26af"
"f246478336.jpg","D:\recup\recup_dir.2\f246478336.jpg","4,48","b7de8597cdd381bb5476d83ee74f576b95e4e3af"
"f253138944.mpg","D:\recup\recup_dir.2\f253138944.mpg","1,47","7be25358fb50c005e51501a98bcb41a8970deec3"
"f246727168.jpg","D:\recup\recup_dir.2\f246727168.jpg","5,5","57c27216f99b2316c90ef82a07b398fef52d7ea4"
"f253188096.mpg","D:\recup\recup_dir.2\f253188096.mpg","1,29","aab79176ef3ad0c302c627acb250eaf71ed5f034"
"f251982336.jpg","D:\recup\recup_dir.2\f251982336.jpg","3,85","bf68baff59b1eb1b8634e122935ea5e05f1737b9"
"f251590144_Incendie_du_72_Andr_Beauregard_Verchres_65879012.pdf","D:\recup\recup_dir.2\f251590144_Incendie_du_72_Andr_Beauregard_Verchres_65879012.pdf","9,5","8346a96700ad4ea11bfd1eb6ac1c0cae13cc6d0b"
"f263273984.jpg","D:\recup\recup_dir.2\f263273984.jpg","1,52","53bde68265d52aec90d93206b9148c68312e1228"
"f261979136.jpg","D:\recup\recup_dir.2\f261979136.jpg","3,76","237bdff57ce78ced801aaa91fb2d02848167e6b8"
"f271910400.jpg","D:\recup\recup_dir.2\f271910400.jpg","4,68","4330e24319bb6de0ea7f2034a0e160adad0190bc"
"f272916992.jpg","D:\recup\recup_dir.2\f272916992.jpg","2,67","9070ba9ac248cba48417465195e6d5b540fb44ab"
"f272524288.jpg","D:\recup\recup_dir.2\f272524288.jpg","6,95","c3a84de7ae157846bf3315a0cec0b8ed1aa9c62d"
"f283368448.png","D:\recup\recup_dir.2\f283368448.png","0,1","3dd49be5ea6069a2ef0d2718b68bb678f57b62e6"
"f281454592.jpg","D:\recup\recup_dir.2\f281454592.jpg","4,14","ea3dd6baf7c5e5ce9d40acec52e1083122bc03f5"
"f285916672.jpg","D:\recup\recup_dir.2\f285916672.jpg","1,95","c0b3b8a59e61f21ede737c4ebcea08cb1b9fa238"
"f285148672.jpg","D:\recup\recup_dir.2\f285148672.jpg","4,01","a0ac7f581d21c9b0bba495ad47aee7bfcaa05acf"
"f288262656.jpg","D:\recup\recup_dir.2\f288262656.jpg","2,88","5234acb7f582f69c015b06e29a5005837245e09b"
"f291211264.jpg","D:\recup\recup_dir.2\f291211264.jpg","1,44","c2141195ae0a0dc3f7e90a6b40cf0f5ccb411a6a"
"f289085440.jpg","D:\recup\recup_dir.2\f289085440.jpg","4,14","38934cddc9078c5c8c7c2bf197c48c8dec42c923"
"f291221504.jpg","D:\recup\recup_dir.2\f291221504.jpg","1,26","455a9cefeb3bf69f052c6efd3653e8f5acb15083"
"f292349440.jpg","D:\recup\recup_dir.2\f292349440.jpg","0,29","26d09c5b5683b60d92db9598757676b1bdc3b08a"
"f296600576.jpg","D:\recup\recup_dir.2\f296600576.jpg","3,17","9c0a5472cd270fddeb9aab2743bba8216d954e5a"
"f297715712.jpg","D:\recup\recup_dir.2\f297715712.jpg","4,66","004f3bcb479c91b2daeebfedc551fd5dca51cc09"
"f298346496.jpg","D:\recup\recup_dir.2\f298346496.jpg","4,35","60bb5c4f567a8037fbcd79d993cd045e8089433e"
"f299150848.jpg","D:\recup\recup_dir.2\f299150848.jpg","3,77","164d4554d0ce9607b3264c222da4383eade69cfa"
"f299851264.jpg","D:\recup\recup_dir.2\f299851264.jpg","3,69","9e563b3ebfcef609824da20c95cdbe3a756ecf8e"
"f301816320.pdf","D:\recup\recup_dir.2\f301816320.pdf","0,44","2836542f7ef34b207b014a61f2377fe8b4994946"
"f303702016.pdf","D:\recup\recup_dir.2\f303702016.pdf","1,75","3e8accdb4c345c10099f83dc7eba753d8356225e"
"f302166528.jpg","D:\recup\recup_dir.2\f302166528.jpg","3,91","6c438b0146138019404bdd919935400f708ab7c0"
"f291556864.mp4","D:\recup\recup_dir.2\f291556864.mp4","34,45","dee7e48040d86bb5af806fa476b60c8ede1f25af"
"f304284160_SMS_avec_Isabelle_Carignan.pdf","D:\recup\recup_dir.2\f304284160_SMS_avec_Isabelle_Carignan.pdf","45,52","006d6d662944c1ec33d879a00261e53f3920aff8"
"f305899008.jpg","D:\recup\recup_dir.2\f305899008.jpg","3,39","9507d35722e8f0a94b0ed31489eb42d6b58329e2"
"f309983744.mp4","D:\recup\recup_dir.2\f309983744.mp4","0","f0ceb89fec7c248f3af2025e1ffa03bc0cc6926b"
"f310014464.mp4","D:\recup\recup_dir.2\f310014464.mp4","0","f0ceb89fec7c248f3af2025e1ffa03bc0cc6926b"
"f318286336.jpg","D:\recup\recup_dir.2\f318286336.jpg","2,4","e64904401b413041a244d89dc54f322eb661652d"
"f306876416.jpg","D:\recup\recup_dir.2\f306876416.jpg","5,82","5537d169329968d3c851bbad3d9a4d89173b0268"
"f318479360.jpg","D:\recup\recup_dir.2\f318479360.jpg","1,56","0ee58ac7f15c46edf82e143367ad826989cfe109"
"f283909120_Re_Sparation_des_biens_jouets_des_enfants_linge_d_hiver.pdf","D:\recup\recup_dir.2\f283909120_Re_Sparation_des_biens_jouets_des_enfants_linge_d_hiver.pdf","99,68","e887ef805172a9b46b76ef8354f22212ab7c64a0"
"f318510080.jpg","D:\recup\recup_dir.2\f318510080.jpg","2,67","8f53da62458947e76fe7a820a2bb9b9ce143e81a"
"t241314816.jpg","D:\recup\recup_dir.2\t241314816.jpg","0,06","c539eabd601bfc22b72d867cdc5eca41e31d0c57"
"f318494720.jpg","D:\recup\recup_dir.2\f318494720.jpg","1,64","5c2502fc3c51f80b89bdd10008eda65e163d32c7"
"t241534976.jpg","D:\recup\recup_dir.2\t241534976.jpg","0,01","b5730aa1a0c2acfcc3f39fe905684edbd263b6ba"
"f320752640.jpg","D:\recup\recup_dir.2\f320752640.jpg","2,99","e6af3df1412264ec14e81fae3cd9879aeffd3149"
"f319529472.jpg","D:\recup\recup_dir.2\f319529472.jpg","2,54","11fc3af8472cf2f933342e9043d1cd386d410db6"
"t244668416.jpg","D:\recup\recup_dir.2\t244668416.jpg","0,05","9f1572435754e002e47e44dadcbd2a1891c2c2c4"
"t246426112.jpg","D:\recup\recup_dir.2\t246426112.jpg","0,03","4ee30b7da295fb040adece1aa9a66d5da6f5e18c"
"t246475264.jpg","D:\recup\recup_dir.2\t246475264.jpg","0,01","1de6ebb6120d86e1caa5165e041d37419a8fbdce"
"t246442496.jpg","D:\recup\recup_dir.2\t246442496.jpg","0,05","6923fb29b100ee7c94078b28956fe0e733bc15ad"
"t246478336.jpg","D:\recup\recup_dir.2\t246478336.jpg","0,03","5dca96ba9ce11e24e70c60294fbd2a9964e67b1b"
"t246495744.jpg","D:\recup\recup_dir.2\t246495744.jpg","0,05","cd86e52cb8f94e3266f8099a8c25e7d6ac5a069b"
"t246520832.jpg","D:\recup\recup_dir.2\t246520832.jpg","0,02","47bc2d549176a59296eb618fb8e8165514e01dd7"
"t246546944.jpg","D:\recup\recup_dir.2\t246546944.jpg","0,05","1815611ab5ae7c7300d964bb0bd8580ef47eee2a"
"t246596096.jpg","D:\recup\recup_dir.2\t246596096.jpg","0,05","6e0504457d92f255ff9bd4b865f2a43debfba649"
"t246661632.jpg","D:\recup\recup_dir.2\t246661632.jpg","0,05","7c9720a465bc69f68af6f961ad50321521617eb7"
"t246710784.jpg","D:\recup\recup_dir.2\t246710784.jpg","0,05","c58eacb4f874b10e40012b09886d55853f35a2c0"
"t246727168.jpg","D:\recup\recup_dir.2\t246727168.jpg","0,03","b1176309ffe29172aa2a42dfc426b63bae01d324"
"t246759936.jpg","D:\recup\recup_dir.2\t246759936.jpg","0,06","9243ca34b2dbafedc118999b420741c65cc692cc"
"t246743552.jpg","D:\recup\recup_dir.2\t246743552.jpg","0,05","9c79a8f744993e212204ff306e0721a16da4eeb9"
"t247278592.jpg","D:\recup\recup_dir.2\t247278592.jpg","0,01","f797432350e3e3231c73918fb5090c6318329214"
"t247911936.jpg","D:\recup\recup_dir.2\t247911936.jpg","0,01","bc9fac00e84b8e4c5bf2d8a47fb1fe0016bd58b8"
"t251814400.jpg","D:\recup\recup_dir.2\t251814400.jpg","0,01","5f4c085a32360f95587036526c345b52bf1cb417"
"t251566080.jpg","D:\recup\recup_dir.2\t251566080.jpg","0,05","a21a3bea1ffbcc316c174596b43e2853d2541173"
"t251982336.jpg","D:\recup\recup_dir.2\t251982336.jpg","0,03","15d50a01d9102b636a7fd153b8442fdc570b6bcf"
"t252575232.jpg","D:\recup\recup_dir.2\t252575232.jpg","0","cfc67271a6bdaae83a55bcac368cac835889e718"
"t253403648.jpg","D:\recup\recup_dir.2\t253403648.jpg","0,01","87be7d65433af141a1ac7324738fff8c0de48060"
"t257782784.jpg","D:\recup\recup_dir.2\t257782784.jpg","0,01","46e68a2efe79ef7aca188e191d6a56e1a0a99d2c"
"t256322048.jpg","D:\recup\recup_dir.2\t256322048.jpg","0,02","29d5cadb2a5ee0b115edfc99938d391fce305c0c"
"t261979136.jpg","D:\recup\recup_dir.2\t261979136.jpg","0,02","de9775dc87d5672348628292c4e32cb9394c482b"
"t263273984.jpg","D:\recup\recup_dir.2\t263273984.jpg","0,02","17391051552b30e43096cab274494656cbd6b3b3"
"t270212608.jpg","D:\recup\recup_dir.2\t270212608.jpg","0,01","78b000598e0d9aa1e4a45bf2267aa4f7a8ab043d"
"t271910400.jpg","D:\recup\recup_dir.2\t271910400.jpg","0,03","cd4b038b839f2e7b4b5cd058e02d945a6a170129"
"t272524288.jpg","D:\recup\recup_dir.2\t272524288.jpg","0,04","08702e476258df983b0d4e1ecc9500cd0c289204"
"t272916992.jpg","D:\recup\recup_dir.2\t272916992.jpg","0,01","dfcee5b7cdd44cc724c430a099f5e6b0c8da8bc6"
"t281454592.jpg","D:\recup\recup_dir.2\t281454592.jpg","0,03","b4b9c1ebb729ce45e9df87ff460ea53e1f56fbc9"
"t284407808.jpg","D:\recup\recup_dir.2\t284407808.jpg","0","4eb1abd262964b39a4bfa402d5e6a63b4f20d204"
"t283571712.jpg","D:\recup\recup_dir.2\t283571712.jpg","0,01","43c1b77d22aa638350cd2f784a518937f9ddb2f8"
"t287708672.jpg","D:\recup\recup_dir.2\t287708672.jpg","0,01","3b1af4f089fdf998409e8aab5685a5aea3b8ebb2"
"t285148672.jpg","D:\recup\recup_dir.2\t285148672.jpg","0,02","2804cc3c71c91b2dfbb5ad4acb51591c3380913f"
"t285916672.jpg","D:\recup\recup_dir.2\t285916672.jpg","0,01","9d863da2a6d4c595ca53f8a2d858f4e2b044b8d0"
"t288032768.jpg","D:\recup\recup_dir.2\t288032768.jpg","0,01","bc6e4bd3a294f7c6e727686efef40553867f920e"
"t288262656.jpg","D:\recup\recup_dir.2\t288262656.jpg","0,01","ecc3e8911c6e0db60d2ea8e987cde19c206280e8"
"t288476672.jpg","D:\recup\recup_dir.2\t288476672.jpg","0,01","57f18e274690ab567d258aaa5cf6a9ee4c84a627"
"t289085440.jpg","D:\recup\recup_dir.2\t289085440.jpg","0,03","ec130e77aa9937bb0a0989fa37cf4dcecbecc0ab"
"t290139136.jpg","D:\recup\recup_dir.2\t290139136.jpg","0","ca339432f6850d14d38e92e006492fbc9732392f"
"t291211264.jpg","D:\recup\recup_dir.2\t291211264.jpg","0,02","b0b90b10e92842676fe846a3e9a611f0f8ea5333"
"t291221504.jpg","D:\recup\recup_dir.2\t291221504.jpg","0,06","6f61534532df5a5f724b519d71733f418336f63f"
"t291915264.jpg","D:\recup\recup_dir.2\t291915264.jpg","0,01","99445ede9e7ec47131807b8eb68d28318cb614e8"
"t294234112.jpg","D:\recup\recup_dir.2\t294234112.jpg","0","9b9b6a90ce87e094b1bc5cf2b547f42c235e65d2"
"t295611904.jpg","D:\recup\recup_dir.2\t295611904.jpg","0,05","cd9a7a0bd4dc1fb0ac7ad6e190cf319932314cfb"
"t296600576.jpg","D:\recup\recup_dir.2\t296600576.jpg","0,06","bfb9464c2c10cd3795609e248c5acedae6ab5c1a"
"t297715712.jpg","D:\recup\recup_dir.2\t297715712.jpg","0,04","008402e2a1481d83dffe2979e03229e6956b26f3"
"t298346496.jpg","D:\recup\recup_dir.2\t298346496.jpg","0,05","212d79e7735bcbc5bb05bd77bc9a46b17a4744bb"
"t299150848.jpg","D:\recup\recup_dir.2\t299150848.jpg","0,05","6a8335c78cfe1b2ea319f909b211f96038c6487f"
"t299851264.jpg","D:\recup\recup_dir.2\t299851264.jpg","0,04","4217dab6cff675f0bf70ce4c474bb998aa0d2c07"
"t301027840.jpg","D:\recup\recup_dir.2\t301027840.jpg","0,01","99c1eb4f9728e0745442c6caf9ff84a7e3714d72"
"t302166528.jpg","D:\recup\recup_dir.2\t302166528.jpg","0,05","91cc838bd4b717d555562df5a27659bb34f38862"
"t303169024.jpg","D:\recup\recup_dir.2\t303169024.jpg","0,01","ef2ae74e55da301d113b3385f9c79749c21b7e49"
"t303694848.jpg","D:\recup\recup_dir.2\t303694848.jpg","0,02","35d9b6bdaeae55d62fc816dd3dde7e72f50ea814"
"t305899008.jpg","D:\recup\recup_dir.2\t305899008.jpg","0,04","d4f3f8a25fad1ba215377f1e54471a34ffeb0b51"
"t306876416.jpg","D:\recup\recup_dir.2\t306876416.jpg","0,03","2b723440396d704159d5aea5a5070c5142001683"
"t310051328.jpg","D:\recup\recup_dir.2\t310051328.jpg","0","2533bd447a975ca4f37f3c73e3f8f541ad782823"
"t310342144.jpg","D:\recup\recup_dir.2\t310342144.jpg","0,01","d58082b722302f34c0aedbaad65d8bb809aefc4a"
"t318286336.jpg","D:\recup\recup_dir.2\t318286336.jpg","0,01","a45cd9d96531acafd86e2becd6072fd96ed5b2d4"
"t317940224.jpg","D:\recup\recup_dir.2\t317940224.jpg","0,01","53988321034fdb988126d61be24f31624a6d8b06"
"t318479360.jpg","D:\recup\recup_dir.2\t318479360.jpg","0,01","48c045e7169a2c72fbc85bee60979e132fe7fea3"
"t318494720.jpg","D:\recup\recup_dir.2\t318494720.jpg","0,01","d708b5fc28eb0ace45ff877f374d4ebe0678d485"
"t318510080.jpg","D:\recup\recup_dir.2\t318510080.jpg","0,01","4312a5acecd2cbf416ecd4d4681e17bbd4e97572"
"t319529472.jpg","D:\recup\recup_dir.2\t319529472.jpg","0,01","afc09ac7d790e2d0ea884de8a07109d9796f4b96"
"t320752640.jpg","D:\recup\recup_dir.2\t320752640.jpg","0,02","7cae95c510ded932384676f565796bd8f805394a"
"f326388736.jpg","D:\recup\recup_dir.3\f326388736.jpg","1,37","b9bf21b35ffdc9f4ea9125a641571ee24c39752b"
"f327249920.jpg","D:\recup\recup_dir.3\f327249920.jpg","1,81","d7cd3daf6055e39e9590c10c93c84500b0a11569"
"f328188928.jpg","D:\recup\recup_dir.3\f328188928.jpg","3,4","2d982869d5635aead0234c5fe102614fc46d2ac4"
"f330958336.jpg","D:\recup\recup_dir.3\f330958336.jpg","1,71","fb096d3e656c8fc88218c2f32a06b3350bafff04"
"f334310400.jpg","D:\recup\recup_dir.3\f334310400.jpg","3,14","524baa49cc65464fd18973b1666ab8a49f52a503"
"f334398464.jpg","D:\recup\recup_dir.3\f334398464.jpg","4,27","3bd2fa748fc8b20f5feb1744f45c00aeaf25f6c5"
"f337289216.jpg","D:\recup\recup_dir.3\f337289216.jpg","3,13","1497837da6b179ec8b9e1149318c40bbfa58b546"
"f338045952.jpg","D:\recup\recup_dir.3\f338045952.jpg","4,13","e6cd9e13d57a0c0380299441f7c2ac92fce98778"
"f338088448.jpg","D:\recup\recup_dir.3\f338088448.jpg","4,87","5a8597242a45bc9d6a98ea802aa8108a627095f8"
"f279593984.mp4","D:\recup\recup_dir.2\f279593984.mp4","203,58","2f14099169e622b1e2d1e86b33daa8c3a89455b9"
"f359318528.jpg","D:\recup\recup_dir.3\f359318528.jpg","0,4","99b65eb4ae62eca9290fc7401833f1b580656a0c"
"f362376192.jpg","D:\recup\recup_dir.3\f362376192.jpg","3,3","5873e0b8f90dd33a1650b9677ee65cb4ff40753f"
"f251023360_SMS_avec_Isabelle_Carignan.pdf","D:\recup\recup_dir.2\f251023360_SMS_avec_Isabelle_Carignan.pdf","249,19","e1898c10e96d38c6b0729731149fa874355ad5e9"
"f327138816_SMS_avec_Isabelle_Carignan.pdf","D:\recup\recup_dir.3\f327138816_SMS_avec_Isabelle_Carignan.pdf","54,24","ae1e46ad4421d94fb29e91117238ecbf8676e928"
"f384675840.jpg","D:\recup\recup_dir.3\f384675840.jpg","3,09","91f17e0fbda2dc3491a1f3c87f7a38e135302aa2"
"f386288640.jpg","D:\recup\recup_dir.3\f386288640.jpg","2,45","9a398bc41cbbc807fc3488b8cf0e6708139de600"
"f387480576.jpg","D:\recup\recup_dir.3\f387480576.jpg","4,97","53f78a2b830f86d8bad1d8b4047273d5156fc9bc"
"f358467072.pdf","D:\recup\recup_dir.3\f358467072.pdf","113,33","20431f62a64364a8bbe0d024d506cc8507ab67ae"
"f395382272.jpg","D:\recup\recup_dir.3\f395382272.jpg","5,65","58eae99f02ac8f8603da5907b40f11f905508e2c"
"f398144000.jpg","D:\recup\recup_dir.3\f398144000.jpg","3,91","bca2ce6bd4c3e9c4ccdbed395fdb2d9b6552c565"
"t326388736.jpg","D:\recup\recup_dir.3\t326388736.jpg","0,01","746480c3d913e421de773001a89c87bb64919dc9"
"t327249920.jpg","D:\recup\recup_dir.3\t327249920.jpg","0,02","ba98e1bb4823ed8db0be86a8e8a19ebe33f7a88c"
"t328084480.jpg","D:\recup\recup_dir.3\t328084480.jpg","0","4f7e3192a65a191b9834ec94959b0b9e4b313230"
"t328188928.jpg","D:\recup\recup_dir.3\t328188928.jpg","0,03","adfa1418b8a480e152cc5bcbf04b2976a1509b16"
"t329981952.jpg","D:\recup\recup_dir.3\t329981952.jpg","0,01","bcd0d6c6d65eaec2fa8efce2c1fd210d5fb1e587"
"t329998336.jpg","D:\recup\recup_dir.3\t329998336.jpg","0,01","84636e04a55f0f1153ef8973b0f277880d668887"
"t330747392.jpg","D:\recup\recup_dir.3\t330747392.jpg","0,01","d756d6690f5204b168ed6c13e8220ab791dc7173"
"t330958336.jpg","D:\recup\recup_dir.3\t330958336.jpg","0,01","d5b7c8328cb7f519a0419f0fc6ab869b60c26166"
"t331150336.jpg","D:\recup\recup_dir.3\t331150336.jpg","0,02","3e4637fc645854f8d3c849f945dcf19b2594524a"
"t331575808.jpg","D:\recup\recup_dir.3\t331575808.jpg","0,02","78659807fe7c61e09b3382321322d1cc58306b6c"
"t331899904.jpg","D:\recup\recup_dir.3\t331899904.jpg","0,01","36b0ad8d6a6074dc7d829ca6a482caec0dd978e8"
"t332178944.jpg","D:\recup\recup_dir.3\t332178944.jpg","0,01","5068dfa4d0b253dc6728014989b6a7cfcdfad625"
"t332416000.jpg","D:\recup\recup_dir.3\t332416000.jpg","0,01","f03ee10a3be0ec01f0584d935075c9862900bba1"
"t334310400.jpg","D:\recup\recup_dir.3\t334310400.jpg","0,02","3af85d6bed807ff46a78011b4846eed38b485288"
"t334398464.jpg","D:\recup\recup_dir.3\t334398464.jpg","0,02","236ca3831b10d511a02cd2a2cf5f1e54f0476e0f"
"t335566336.jpg","D:\recup\recup_dir.3\t335566336.jpg","0,01","422a6d76c81d5c42ec1de0c57c75607d0a22c8f7"
"t335723008.jpg","D:\recup\recup_dir.3\t335723008.jpg","0,01","edf682aac8057361e5519cfcadb19217ca7dcf5c"
"t336038400.jpg","D:\recup\recup_dir.3\t336038400.jpg","0,02","80cf63aa36b0ce4733f897a318c0bb51df811d25"
"t337289216.jpg","D:\recup\recup_dir.3\t337289216.jpg","0,02","2a2b1fef5382741c5834ccf2edeee0474e3791a1"
"t338045952.jpg","D:\recup\recup_dir.3\t338045952.jpg","0,02","23147d679c10ec0b08b2cc154ece07a0d725fabc"
"t338088448.jpg","D:\recup\recup_dir.3\t338088448.jpg","0,02","6272bc564863e895326509c08ac30f231242b41b"
"t339874816.jpg","D:\recup\recup_dir.3\t339874816.jpg","0,01","0ab7e286310a2692494357278ff5843d5e4d1524"
"t340399616.jpg","D:\recup\recup_dir.3\t340399616.jpg","0","17b75ed32eb7d31bb418bbbfacb9bcb030d958ce"
"t340494848.jpg","D:\recup\recup_dir.3\t340494848.jpg","0,01","e720509c2857061616be419670d1146a02155390"
"t349313536.jpg","D:\recup\recup_dir.3\t349313536.jpg","0,03","71a62f0e5bd6e90cba853f66a6fcbc1e5369c790"
"t350287360.jpg","D:\recup\recup_dir.3\t350287360.jpg","0,02","719e6d95e1d0dc2bad42a7db24b4953b9f13177e"
"t350355456.jpg","D:\recup\recup_dir.3\t350355456.jpg","0,02","227be7526d9f391c0410e160c01330590a68eedd"
"t350786048.jpg","D:\recup\recup_dir.3\t350786048.jpg","0,02","ec3f6ca461a7fd129520ca664a372142739b2fd3"
"t354467840.jpg","D:\recup\recup_dir.3\t354467840.jpg","0,01","64b9a855e64a27ba57d4f2fd8e6e3d46e5515f4e"
"t354476032.jpg","D:\recup\recup_dir.3\t354476032.jpg","0,02","cf827854806eee3e076b5b21b4164b456f60c2aa"
"t354500608.jpg","D:\recup\recup_dir.3\t354500608.jpg","0,01","89e817098f075cb4f4e88e7e1bfcd4594f8f5ea2"
"t356078080.jpg","D:\recup\recup_dir.3\t356078080.jpg","0,01","aed8cefef02b5befb96efe394602e27329c93dc8"
"t358723072.jpg","D:\recup\recup_dir.3\t358723072.jpg","0,01","c5d5c7308b84823e0d5fe24883571e6f51331ce3"
"t359461376.jpg","D:\recup\recup_dir.3\t359461376.jpg","0,01","50f72cadb91264ecf6fab028f1c734e194bfc43d"
"t359813632.jpg","D:\recup\recup_dir.3\t359813632.jpg","0,02","63641c741a71ad36d330903293a721ab52ea4f9e"
"t360118272.jpg","D:\recup\recup_dir.3\t360118272.jpg","0,01","6dbc11c93c690019e6c6df013ede4ef4f2ab89b5"
"t362376192.jpg","D:\recup\recup_dir.3\t362376192.jpg","0,02","82a6f6caaf639ec8c8346642852edc459f031742"
"t364413440.jpg","D:\recup\recup_dir.3\t364413440.jpg","0,01","362048ecd33d84091be45aa95c08ff9026a30a66"
"t367199232.jpg","D:\recup\recup_dir.3\t367199232.jpg","0,01","835191da4f91b8526f5febe9ab4210991c49c4fb"
"t369798656.jpg","D:\recup\recup_dir.3\t369798656.jpg","0,05","0a36265aa016e31df58f8a1a64a03821541f13f7"
"t369916416.jpg","D:\recup\recup_dir.3\t369916416.jpg","0,02","83fdfe8e752c18b1ef2cb6b34b6d6afc7389dbe2"
"t372281856.jpg","D:\recup\recup_dir.3\t372281856.jpg","0,01","fbcacb20e0370378d98e5954daf137db9f22ee7e"
"t376607744.jpg","D:\recup\recup_dir.3\t376607744.jpg","0","454419b63b4f0868d8ef4be1de645d7746e57f7e"
"t380987904.jpg","D:\recup\recup_dir.3\t380987904.jpg","0,01","6513c5e770268477941d9729b1e099eea0dd434d"
"t382314496.jpg","D:\recup\recup_dir.3\t382314496.jpg","0,02","521b7e8a2d0553c8da5208b5a0106a7fb0c47ed1"
"t382334464.jpg","D:\recup\recup_dir.3\t382334464.jpg","0,02","5de770c08a211655b5ecf7fd56c13d2f9d447a05"
"t383387648.jpg","D:\recup\recup_dir.3\t383387648.jpg","0,01","8ee95a87b40a2c2ded0d62309e2bc994a7596698"
"t383599616.jpg","D:\recup\recup_dir.3\t383599616.jpg","0,01","af4593b212bc167c3a25e59f262cbfdfdb5ba59a"
"t384125952.jpg","D:\recup\recup_dir.3\t384125952.jpg","0,01","efa81f241fb121ba5fc4e44fc241ff84f13baedd"
"t384675840.jpg","D:\recup\recup_dir.3\t384675840.jpg","0,02","3b83f846cf569ab58dc63ca060e11b1195544b55"
"t384966656.jpg","D:\recup\recup_dir.3\t384966656.jpg","0,01","2f1b1e392e31e2b8b827faac4a4419ee5a74c5fc"
"t386288640.jpg","D:\recup\recup_dir.3\t386288640.jpg","0,01","f12c3c34ff041097f84f12b303dd34a3e638fb43"
"t387480576.jpg","D:\recup\recup_dir.3\t387480576.jpg","0,02","7da9283b2a0c4b18df022ca6ae759527ac756d80"
"t390841856.jpg","D:\recup\recup_dir.3\t390841856.jpg","0,03","28f91c0ed7da9dd1ff44a94e0ef3436530f7f521"
"t390850048.jpg","D:\recup\recup_dir.3\t390850048.jpg","0,04","4d7965c3ad98f691b663173cb0e3d78bb7c3018a"
"t391090688.jpg","D:\recup\recup_dir.3\t391090688.jpg","0","80f8f4a8b072d55b915d1704dc958797f199288a"
"t391094272.jpg","D:\recup\recup_dir.3\t391094272.jpg","0,01","0507a7906749f4680f879dc02c39cab07de68e54"
"t393338880.jpg","D:\recup\recup_dir.3\t393338880.jpg","0,01","dfac566b3562d5b92f0c020af2d79e4a6f2c7e65"
"t393461760.jpg","D:\recup\recup_dir.3\t393461760.jpg","0,03","77f1ff5dfc0aef94364b5ce39411a46cb73a878e"
"t394023424.jpg","D:\recup\recup_dir.3\t394023424.jpg","0","3947e7eed51f144c8176a7469e66e9bdd0f2e2f6"
"t394062848.jpg","D:\recup\recup_dir.3\t394062848.jpg","0","ebab35c4a580cb99e8d0b643b3df47dbfd443ee7"
"t394185216.jpg","D:\recup\recup_dir.3\t394185216.jpg","0,01","e2554e730d08f5759e10ac4b47dbf0b2ed199bad"
"t394283520.jpg","D:\recup\recup_dir.3\t394283520.jpg","0","e63937e7f6468f3ef1d8ed98e4f14e30055b5c45"
"t395382272.jpg","D:\recup\recup_dir.3\t395382272.jpg","0,03","bd6d7db52dac9f286b6052900ba96c555cf74602"
"t394702848.jpg","D:\recup\recup_dir.3\t394702848.jpg","0,01","d862ef8c21fed595bfd82dd287190fae8a9d8e69"
"t396205568.jpg","D:\recup\recup_dir.3\t396205568.jpg","0","e209dc973ded75b5bfad0b5fc63b435f5d0ea097"
"t397300224.jpg","D:\recup\recup_dir.3\t397300224.jpg","0","72f5ac805fd0a91fdbb7a91eab45a00dbf46f831"
"t397347840.jpg","D:\recup\recup_dir.3\t397347840.jpg","0","55b4688ae73b4345b761e4389d065a38a6459188"
"t397998080.jpg","D:\recup\recup_dir.3\t397998080.jpg","0,01","1b71211385e491048d4823eb3357a42ddf70ae24"
"t398144000.jpg","D:\recup\recup_dir.3\t398144000.jpg","0,02","77146143c65d97fc8ee32a9bb305c1c34f70c60b"
"t399183360.jpg","D:\recup\recup_dir.3\t399183360.jpg","0,05","6cf1a8035513eb48a2a8152d9c520134ada34bff"
"t404532736.jpg","D:\recup\recup_dir.3\t404532736.jpg","0","8352783337024513d24e8115e8a86e5fe662ab00"
"t406455808.jpg","D:\recup\recup_dir.3\t406455808.jpg","0,01","b3a3fe56459f166431a93b170a8bcf47db5c5911"
"t408714752.jpg","D:\recup\recup_dir.3\t408714752.jpg","0,01","0643f1fa35e0015c8727cd493e8e3ea8f54d5778"
"t428425728.jpg","D:\recup\recup_dir.3\t428425728.jpg","0,01","9af6d7531b88a56a4efe3abb3c04469fda586387"
"t430457856.jpg","D:\recup\recup_dir.3\t430457856.jpg","0","31a524eb08a70840eaee60c37df12ec782e7d9f3"
"t436702720.jpg","D:\recup\recup_dir.3\t436702720.jpg","0","e8aeb7534f3b157e21b4fdedfda129f4f25a81e7"
"f397559296_Re_Rclamation_finale_suggestions.pdf","D:\recup\recup_dir.3\f397559296_Re_Rclamation_finale_suggestions.pdf","195,27","a81ebef0f32ef7044315f7f0a093475618819488"
"f1041993216.pdf","D:\recup\recup_dir.4\f1041993216.pdf","44","bdb5a7d73f488302512df2924892fc59ad917cfc"
"f253988352_bb_73_jpg.pdf","D:\recup\recup_dir.2\f253988352_bb_73_jpg.pdf","530,57","b439ac3b1b92c4e6c08738dcd512ca2021c28598"
"f1042962944_Re_Merci.pdf","D:\recup\recup_dir.4\f1042962944_Re_Merci.pdf","5","722ec6778004d88d5ff6e90fd8fe713b8952a818"
"f416657920.avi","D:\recup\recup_dir.3\f416657920.avi","173,6","0416169bc67cf4c7f649bab34b43d63b4ddc1f1c"
"f356673536_Re_Svp_ne_pas_utiliser_DropBox.pdf","D:\recup\recup_dir.3\f356673536_Re_Svp_ne_pas_utiliser_DropBox.pdf","425,26","8dbec9560ab714c9eaece8d7a71979c32ab8022e"
"f334492672_No_Job_Name.pdf","D:\recup\recup_dir.3\f334492672_No_Job_Name.pdf","522,02","53b59102d406ab2112b5c70bccedd473b993ed27"
"f490064384.jpg","D:\recup\recup_dir.4\f490064384.jpg","0,06","29ecef692b90686119fe8b6c61187d0c16c1cb56"
"f444618240.pdf","D:\recup\recup_dir.4\f444618240.pdf","39,98","3a36083c9e4aaa59426f451a3e6206f6ca67426f"
"f1017375744.mp4","D:\recup\recup_dir.4\f1017375744.mp4","300,39","078ad08d2d68f557b2b184d8b659d3fbafd71029"
"f512399360.jpg","D:\recup\recup_dir.4\f512399360.jpg","4,14","cc9a9566ba226d0f823b4b8ca2b55058bedaf201"
"f513850368.jpg","D:\recup\recup_dir.4\f513850368.jpg","3,36","319313a27989b51fc187da5e1bb8644aa5842278"
"f556065280.jpg","D:\recup\recup_dir.4\f556065280.jpg","0,06","d45319d018ecd815da3863eb8469e1700dffe977"
"f1045743616_SMS_avec_Isabelle_Carignan.pdf","D:\recup\recup_dir.4\f1045743616_SMS_avec_Isabelle_Carignan.pdf","387,62","483109aab5db5bae07909c18fcd67d629be03a61"
"f448189952.avi","D:\recup\recup_dir.4\f448189952.avi","145,06","6200939955e5e5c700500b10211ea379097b18dc"
"f570405888.jpg","D:\recup\recup_dir.4\f570405888.jpg","3,11","42ce551bcd368a01eef5bdaac668a9fccebb9821"
"f571367424.jpg","D:\recup\recup_dir.4\f571367424.jpg","3,46","172e76b74d588a2afeac4b8ffdf927be8499636f"
"f573804544.jpg","D:\recup\recup_dir.4\f573804544.jpg","6,88","1514123d368ab852259e2b4a2482d9af62b1be9f"
"f450049024.mp4","D:\recup\recup_dir.4\f450049024.mp4","388,08","d23243e993749c4a2f6b79a6a57ad8ff635c0164"
"f576988672_ftyp.mov","D:\recup\recup_dir.4\f576988672_ftyp.mov","0,09","1ed76eff99380fabfc10e828e86363a41ca5cecc"
"f576557056.jpg","D:\recup\recup_dir.4\f576557056.jpg","3,6","561cac36964821a25a7a8594aee9e7578a208828"
"f581546496.pdf","D:\recup\recup_dir.4\f581546496.pdf","0,39","e0828d6e098c57ac8db8c752da7d89416d5142fd"
"f552942592_mdat.mov","D:\recup\recup_dir.4\f552942592_mdat.mov","397,54","2f08c86212cdb8e2b4772b9e76689511059a0477"
"f625190912.jpg","D:\recup\recup_dir.4\f625190912.jpg","0,54","337e44a961021a7daf5919420507024107eeb9f4"
"f584708608.jpg","D:\recup\recup_dir.4\f584708608.jpg","4","ebe4e305458920177f497a0241982bde29dcd071"
"f580408320.jpg","D:\recup\recup_dir.4\f580408320.jpg","3,85","cecf809eba4be33ee920375b375edb9289db4a21"
"f626326016.jpg","D:\recup\recup_dir.4\f626326016.jpg","3,57","2443dab73ebddc6c70cf33c3fdd67f75d05d1c3b"
"f681780224.jpg","D:\recup\recup_dir.4\f681780224.jpg","2,08","e08ba1a7f7a818b083f1d69fdde4b5e65f2ace14"
"f568278528.mp4","D:\recup\recup_dir.4\f568278528.mp4","137,48","ca7174b3724eae65172d5afe7b8883d2b76efce0"
"f681694720.jpg","D:\recup\recup_dir.4\f681694720.jpg","2,11","60ae52d8c23035f6664a9aee872ca90d980026a1"
"f689812992.jpg","D:\recup\recup_dir.4\f689812992.jpg","0,02","7dd3d4a340b0d68b9fd0c31fdfc388e5991fda7b"
"f687132672.jpg","D:\recup\recup_dir.4\f687132672.jpg","2,77","706c2de9c85c0464aeefada2b28e34c8e2141b62"
"f689820160_Abdennourcherfi_aol.doc","D:\recup\recup_dir.4\f689820160_Abdennourcherfi_aol.doc","0,03","068528182af9ae42ee06ee47462d543edcae9775"
"f689661440.jpg","D:\recup\recup_dir.4\f689661440.jpg","3,63","f07e2e651fb9886ab20df444e54be5664d68f6e8"
"f689910272.jpg","D:\recup\recup_dir.4\f689910272.jpg","4,2","7f184c52f3fce7ad11bfbc5f4fee6a066bf6ce54"
"f689897984.jpg","D:\recup\recup_dir.4\f689897984.jpg","4,07","fa843332c0d0ddca66020049b3a3c803fcd4d97b"
"f694427648.jpg","D:\recup\recup_dir.4\f694427648.jpg","2,74","bd30bfc5b1e39f8d975c1915dc64a58b1c0bc4f4"
"f691017216.jpg","D:\recup\recup_dir.4\f691017216.jpg","3,63","1048f7ca834b5edc2d7df09d7c79c5f97d63db1f"
"f696664064.jpg","D:\recup\recup_dir.4\f696664064.jpg","4,9","fbab0b97526e90523b37cf73bd8f15e3633dfa98"
"f694454272.jpg","D:\recup\recup_dir.4\f694454272.jpg","3,25","f093cfebed5290a68a038d2f0695f73cb0eb7247"
"f700667904.jpg","D:\recup\recup_dir.4\f700667904.jpg","3,06","342bced064a16f63d89d0a913f3e65604c63e175"
"f719297024.jpg","D:\recup\recup_dir.4\f719297024.jpg","5,32","66597f3151af1051c79124300c5912deff326e1a"
"f719417344.jpg","D:\recup\recup_dir.4\f719417344.jpg","4,74","fdd66179ac7386d123d82ee4fb1947b9b7c174be"
"f719643648.jpg","D:\recup\recup_dir.4\f719643648.jpg","5,52","f14a733bbc41044be9b76ad6b535f2f19a1eeb35"
"f719952384.jpg","D:\recup\recup_dir.4\f719952384.jpg","4,81","136468031b4e142110f38c9876df21b803abd052"
"f722315776.jpg","D:\recup\recup_dir.4\f722315776.jpg","6,75","b62acf9f9d75a884b50688238b75565a19fbf0cd"
"f724694016.jpg","D:\recup\recup_dir.4\f724694016.jpg","2,77","65869ca5d75f0f0596b70d1e83cbc9c2329e3bb6"
"f722955264.jpg","D:\recup\recup_dir.4\f722955264.jpg","4,61","a95f9abf1f58cef1593277754f487449005b7b65"
"f722516480.jpg","D:\recup\recup_dir.4\f722516480.jpg","4,63","ea5199342f6526f872dcc4556c8eaf54b679ce1e"
"f727777280.jpg","D:\recup\recup_dir.4\f727777280.jpg","2,96","0fcdcee2a3bf8fa19f923c32859bf6ba472e97b7"
"f728124416.jpg","D:\recup\recup_dir.4\f728124416.jpg","3,24","d25acd79b5e45d01eed430c35a87d5243f556c76"
"f724947456.jpg","D:\recup\recup_dir.4\f724947456.jpg","3,33","22924a2e2ef9ac49b8a9e354926b9e5e8a41fc69"
"f729075200.jpg","D:\recup\recup_dir.4\f729075200.jpg","3,75","0160aa290eb682fb1c2a2e5642475f866b9cb3c3"
"f729766912.jpg","D:\recup\recup_dir.4\f729766912.jpg","3,34","1a1b48ca0f4310a2f809f808f9cc38ecccbd7ca0"
"f729399296.jpg","D:\recup\recup_dir.4\f729399296.jpg","4","7111b92d4ec1e18a3f9bd6c4c55d434a6d7d4fdd"
"f729357824.jpg","D:\recup\recup_dir.4\f729357824.jpg","2,64","923173f9cb3617aaf3464741edbfbbc4f0efbc5b"
"f731400192.jpg","D:\recup\recup_dir.4\f731400192.jpg","3,5","8eca498e95fa5d48699423730109b9c0a78629e8"
"f731672064.jpg","D:\recup\recup_dir.4\f731672064.jpg","3,62","f297b0882aa12459f605f2ab2218fda4e4a5a5e5"
"f732039680.jpg","D:\recup\recup_dir.4\f732039680.jpg","2,86","1ce24fb19d63f58a700ab3adc12e0eff38dcc885"
"f732883968.jpg","D:\recup\recup_dir.4\f732883968.jpg","2,41","4150f5334702ab40e6d34b559008251fef10c7a2"
"f736706560.jpg","D:\recup\recup_dir.4\f736706560.jpg","1,81","6dfda8b4451bcc1792e7b7e16a2519c07d95f978"
"f734744576.jpg","D:\recup\recup_dir.4\f734744576.jpg","3,89","3a1c7af3e25146b22f2f18978e91857d567a6afe"
"f744402944.jpg","D:\recup\recup_dir.4\f744402944.jpg","1,47","449bac9a5c9f953e5e70c712e08f9f88edc563d0"
"f814222336.jpg","D:\recup\recup_dir.4\f814222336.jpg","5,24","e56ad88d983559e5494187259b8110be867bb385"
"f822274048.jpg","D:\recup\recup_dir.4\f822274048.jpg","3,56","8645322843339fe8737592877904ba39ab5293a9"
"f259484672_RE_RE_RE_RE_Rapports_d_orthophonie_etRecommandationsdelaneuropsychologue.pdf","D:\recup\recup_dir.2\f259484672_RE_RE_RE_RE_Rapports_d_orthophonie_etRecommandationsdelaneuropsychologue.pdf","995,49","f1b46bf3ae30b8a248ff154739b4397b5d99d39b"
"f814286848.jpg","D:\recup\recup_dir.4\f814286848.jpg","4,16","5941331c0d8aef025c759938a67a890c0313c46a"
"f847596032.jpg","D:\recup\recup_dir.4\f847596032.jpg","4,44","5fd784dab6a6b6b247514d4bbb4da555f6a4d487"
"f847489024.jpg","D:\recup\recup_dir.4\f847489024.jpg","3,26","a5d107539794dd3869af69ace39bc020461a3ea1"
"f892284928.jpg","D:\recup\recup_dir.4\f892284928.jpg","3,59","91720ff0fbd4203d1589c76ad2e92989839bfdf6"
"f892303360.jpg","D:\recup\recup_dir.4\f892303360.jpg","3,42","62def32c01474ff0747018e57b6c76e0ea8c0c85"
"f847724544.jpg","D:\recup\recup_dir.4\f847724544.jpg","5,08","2bca4376b933ad4b1e9cf143c412eed0f551ec67"
"f892341248.jpg","D:\recup\recup_dir.4\f892341248.jpg","3,58","4f59590f4309c0bff7d8a369da279edb4b020d4d"
"f739280896.pdf","D:\recup\recup_dir.4\f739280896.pdf","20,82","d742443074e53e17b37a0967625c3d829dc53e14"
"f901493248.jpg","D:\recup\recup_dir.4\f901493248.jpg","4,83","b202bda4314f20f3126b4322e3526bbf9f8cf4da"
"f892357632.jpg","D:\recup\recup_dir.4\f892357632.jpg","6,8","a61e109f1a55970c6fc29752252c8b31ce17ee4e"
"f892830208.jpg","D:\recup\recup_dir.4\f892830208.jpg","3,44","32f5711c3d8435e9bf7b6a742866496b7b007bb1"
"f892846592.jpg","D:\recup\recup_dir.4\f892846592.jpg","3,79","d7059eba1fde2f703305485e9645d497c08ae62f"
"f897393664.jpg","D:\recup\recup_dir.4\f897393664.jpg","4,03","d54d5ce40fa8686f27f95b81c7eb9da9101420a6"
"f907460096.jpg","D:\recup\recup_dir.4\f907460096.jpg","3,42","e069fa720373fe42f7557ef828e8332221af4efe"
"f925434368_Releves24.pdf","D:\recup\recup_dir.4\f925434368_Releves24.pdf","0,28","30d5301b25c8137871d08d83f426471551ee28d4"
"f901668864.jpg","D:\recup\recup_dir.4\f901668864.jpg","4,28","8fcbf4ac25e1ab9c193b37d44aa538021509ee9e"
"f922754048.jpg","D:\recup\recup_dir.4\f922754048.jpg","2,05","3f1ba1ccedbd2573a2c133899f3c34d6ac2183e7"
"f944652800.mp4","D:\recup\recup_dir.4\f944652800.mp4","1,46","dec2db8d72fb3d04729171ca182f94a12ee7f2d7"
"f961098752.jpg","D:\recup\recup_dir.4\f961098752.jpg","3,11","d3043a19600008368587f096b9a665781a5d13f5"
"f932815872.jpg","D:\recup\recup_dir.4\f932815872.jpg","4,12","7b77d0abab836ab64eb82aff65978098b9127d03"
"f969837056.jpg","D:\recup\recup_dir.4\f969837056.jpg","4,64","71c11e09c2394a72f5f7e6561f1a4e028f2f90a7"
"t1026083840.jpg","D:\recup\recup_dir.4\t1026083840.jpg","0,05","912343d267a516103af9e261b16f126b37b640da"
"t1026084864.jpg","D:\recup\recup_dir.4\t1026084864.jpg","0,05","154e6fe2a13c1a7e4e3c2eef72ea18566ae944ca"
"t1038815232.jpg","D:\recup\recup_dir.4\t1038815232.jpg","0,02","da71d80572e688a2af4dd24cade2a8989dc8315c"
"t1041947648.jpg","D:\recup\recup_dir.4\t1041947648.jpg","0,01","766b5dca3ec90a666762aedb9a914d409e65dbc7"
"t1042121728.jpg","D:\recup\recup_dir.4\t1042121728.jpg","0,01","f72dfff4baa33538af884ba67daecbd1cee22555"
"t1042223104.jpg","D:\recup\recup_dir.4\t1042223104.jpg","0,01","08fb353cdffe917b4fe7796c8143fd45ded286b1"
"t1042973184.jpg","D:\recup\recup_dir.4\t1042973184.jpg","0,01","c291ae5250aec30054b886faf4153aabd59aebe5"
"t1043111424.jpg","D:\recup\recup_dir.4\t1043111424.jpg","0,01","759ed238800a2433ab61fa18dada9d68682d1cf0"
"t1043141632.jpg","D:\recup\recup_dir.4\t1043141632.jpg","0","852ba43e2562dabdbdde24b4af22ac590cef75ba"
"t1043142656.jpg","D:\recup\recup_dir.4\t1043142656.jpg","0","9c0c222177b72e679f9a6d88789e15079dca302f"
"t1043143680.jpg","D:\recup\recup_dir.4\t1043143680.jpg","0","b75ce3cf010b3ef2e92b8411a1d9b10b36520b99"
"t1043144704.jpg","D:\recup\recup_dir.4\t1043144704.jpg","0","4329345a181e4817832ff5e96d44f438684a1b17"
"t1043751424.jpg","D:\recup\recup_dir.4\t1043751424.jpg","0","4d77d624cb266025ae2db41e93de6178bbf25588"
"t1043790848.jpg","D:\recup\recup_dir.4\t1043790848.jpg","0,01","4947209dfe625d8f0217c7d2ee94efe15dfac4cb"
"t1043840000.jpg","D:\recup\recup_dir.4\t1043840000.jpg","0,01","74abf794178d882c1e9b85620dcfcad7911aad1f"
"t1043934208.jpg","D:\recup\recup_dir.4\t1043934208.jpg","0,01","0e1cf0c39226d51fb07f9335585b023b78bb2daa"
"t1043955200.jpg","D:\recup\recup_dir.4\t1043955200.jpg","0,01","cd58be4418dadb8a02325548ca03aea1a24222e3"
"t1043963392.jpg","D:\recup\recup_dir.4\t1043963392.jpg","0,01","6fbf1641a39bc67b61e581b6b2024b19e76da344"
"t1044264960.jpg","D:\recup\recup_dir.4\t1044264960.jpg","0","49a6538be927b63027a0929de6b1df9e25ba74c1"
"t1044917760.jpg","D:\recup\recup_dir.4\t1044917760.jpg","0","905b539b29dc4f6104274df0f1f5d83824825f3a"
"t1045496832.jpg","D:\recup\recup_dir.4\t1045496832.jpg","0","f39998ac3a26c84eedf8c6d04cfc5308775293ef"
"t1046718976.jpg","D:\recup\recup_dir.4\t1046718976.jpg","0,01","292915b6a84187a11b080fa083ea745fd11b369b"
"t1046778368.jpg","D:\recup\recup_dir.4\t1046778368.jpg","0","43fc0712c0cdc469a384b90f726666dcce1e44f6"
"t1046913024.jpg","D:\recup\recup_dir.4\t1046913024.jpg","0","0ccca3b4b3881d2acba9d1e40b4f10533ecf24ee"
"t1046916096.jpg","D:\recup\recup_dir.4\t1046916096.jpg","0","8ff6f695e7eabb882d286625413c7461da0fbe48"
"t1046923264.jpg","D:\recup\recup_dir.4\t1046923264.jpg","0","89eeb5f60bc09768fff7289916c9da56e2b2fd6d"
"t1046928384.jpg","D:\recup\recup_dir.4\t1046928384.jpg","0,01","bc9fe903c93b676be8a55fcf2996467754348f1e"
"t1046931456.jpg","D:\recup\recup_dir.4\t1046931456.jpg","0,01","c72662fefdfff4e45cff2be34d165d816879ba2d"
"t1046934528.jpg","D:\recup\recup_dir.4\t1046934528.jpg","0","f0f9931235d66eba1dd91684f2dbe8f518524a09"
"t438251008.jpg","D:\recup\recup_dir.4\t438251008.jpg","0,01","bfdf61dc811ceba68d8cc46793573eefbd9e6192"
"t440518144.jpg","D:\recup\recup_dir.4\t440518144.jpg","0","51f4ae6ae4084c507bea96d02d9b7473f75d073d"
"t478198784.jpg","D:\recup\recup_dir.4\t478198784.jpg","0,01","610f440793bc8ae73bc3522aec4320be3852a17a"
"t491906048.jpg","D:\recup\recup_dir.4\t491906048.jpg","0,02","7818dc756672ad37002e5fd071371bdc1fe68e88"
"t499294208.jpg","D:\recup\recup_dir.4\t499294208.jpg","0,01","4720d5deab3a4b03344881a8f5253ae252a0e680"
"t499301888.jpg","D:\recup\recup_dir.4\t499301888.jpg","0,01","db0f3f19a5613ed8882950cc632c41374ab46298"
"t502084608.jpg","D:\recup\recup_dir.4\t502084608.jpg","0,03","cf70025248da84caae3c9f7ec6a86f9f1a7b2e95"
"t502088704.jpg","D:\recup\recup_dir.4\t502088704.jpg","0","512643bc11c353ecddff9c980712dfb07541f314"
"t512399360.jpg","D:\recup\recup_dir.4\t512399360.jpg","0,03","7a06f570ec5ac91ff5947632c903dcfd389ee375"
"t513850368.jpg","D:\recup\recup_dir.4\t513850368.jpg","0,02","3e8f5986b6e8c09cc69769c8ee884619c2236a66"
"t513865728.jpg","D:\recup\recup_dir.4\t513865728.jpg","0","4a0a19403aafba410fd3c79fee3f277b10ba8962"
"t556737024.jpg","D:\recup\recup_dir.4\t556737024.jpg","0,01","c7f1064680edb0cd40c9833e5a3dbd8cb4e5b1e8"
"t556750336.jpg","D:\recup\recup_dir.4\t556750336.jpg","0,01","d62cfb5b2ecbd0cbf57ddfcada14b77d45a4b1c3"
"t562377216.jpg","D:\recup\recup_dir.4\t562377216.jpg","0,04","16ef7ee0bd5737d1c05b2aef950c5dd3d035577b"
"t566218752.jpg","D:\recup\recup_dir.4\t566218752.jpg","0,05","96f92fd1b1fc7ce49acf08e3ecd76ca466bb6859"
"t567766016.jpg","D:\recup\recup_dir.4\t567766016.jpg","0","a090aa3afc5f98dfd2deb83e0bafb2c7d97ffed1"
"t570405888.jpg","D:\recup\recup_dir.4\t570405888.jpg","0,02","add055b0c937604b66d13569a62679e85f0065ef"
"t571367424.jpg","D:\recup\recup_dir.4\t571367424.jpg","0,02","e6ec6f35c7301974cb88da6d8ce991369d2a32a4"
"t572936704.jpg","D:\recup\recup_dir.4\t572936704.jpg","0","8569da62a2a5c62dfc399d8ed7ac91cdd830f5f4"
"t573804544.jpg","D:\recup\recup_dir.4\t573804544.jpg","0,01","5c41978d470ddb18d6baf776cdf8edeeddbbf37d"
"t573832192.jpg","D:\recup\recup_dir.4\t573832192.jpg","0","337686b5a249d03321253b25dd4a954605745d6c"
"t576557056.jpg","D:\recup\recup_dir.4\t576557056.jpg","0,02","bfc87b21a01a7714be1015697710f91017ef49ed"
"t580408320.jpg","D:\recup\recup_dir.4\t580408320.jpg","0,01","3af26bc7cc53107215d474a42b57e8efe90ab899"
"t581300224.jpg","D:\recup\recup_dir.4\t581300224.jpg","0,01","7c9ea6de2186586ab5a38d824e3d4aa3684d1f32"
"t581117440.jpg","D:\recup\recup_dir.4\t581117440.jpg","0,01","15ea35f1050666ca9bb0f8655a1526d6b965ef28"
"t581657088.jpg","D:\recup\recup_dir.4\t581657088.jpg","0","28cd3207ac3478f9cba206a3cf61015ae4a16f09"
"t582623232.jpg","D:\recup\recup_dir.4\t582623232.jpg","0","0252cc593aef0296e09fc989eac570323c7cbaa7"
"t582740992.jpg","D:\recup\recup_dir.4\t582740992.jpg","0","7853f5d86e026d216dc71b7fb561d94240b29057"
"t583356416.jpg","D:\recup\recup_dir.4\t583356416.jpg","0","6ea57c5a72f7258d4fd64f41f4860335596a606c"
"t583603200.jpg","D:\recup\recup_dir.4\t583603200.jpg","0,04","90ec0bfcd21fcee3769e892e89ba40a42f78d238"
"t583939584.jpg","D:\recup\recup_dir.4\t583939584.jpg","0,05","3d3d5de17d96b53dbf10fcacff578122e28fc1c6"
"t584708608.jpg","D:\recup\recup_dir.4\t584708608.jpg","0,02","14d23cec09b68b84320230293b8202ec8e132395"
"t585836544.jpg","D:\recup\recup_dir.4\t585836544.jpg","0","c28db42c661a02d97c608efa17baf0f7076a971a"
"t585875456.jpg","D:\recup\recup_dir.4\t585875456.jpg","0,01","96d7d0d6aa91708386bdddc338923cf543b07576"
"t586190336.jpg","D:\recup\recup_dir.4\t586190336.jpg","0,01","5d9ebf423825f050a0f51a6f508e8fad548a105a"
"t587309568.jpg","D:\recup\recup_dir.4\t587309568.jpg","0,01","19ef74944f3c938ee251d5f85c26b2f26fbc98d1"
"t587374592.jpg","D:\recup\recup_dir.4\t587374592.jpg","0,01","b162c52e8a05558c0cb904cb8ea129d9a3c02736"
"t587879936.jpg","D:\recup\recup_dir.4\t587879936.jpg","0,01","7908ca2db555cd3e89efb20ab83295417777b7b3"
"t588267520.jpg","D:\recup\recup_dir.4\t588267520.jpg","0","630c1e00cea5c4b421604bce094683837f481453"
"t588627968.jpg","D:\recup\recup_dir.4\t588627968.jpg","0","9fa692fbe33381004e5fb103df3617f259f63eb6"
"t588743680.jpg","D:\recup\recup_dir.4\t588743680.jpg","0,01","d0c1005e3bc340ce6377283cad1f9108430b4024"
"t589638144.jpg","D:\recup\recup_dir.4\t589638144.jpg","0","00711613a96fdac3b06cec293e3b07737bb882ca"
"t589785088.jpg","D:\recup\recup_dir.4\t589785088.jpg","0,01","741438aa596edd2d8529667c4ffbca96ca75f12d"
"t590383104.jpg","D:\recup\recup_dir.4\t590383104.jpg","0,01","7499fab3d6a12f1eb2b6e5cc27332bcd96058ce5"
"t591139328.jpg","D:\recup\recup_dir.4\t591139328.jpg","0","6d7632d26c7a9028cfb931c86708e93199aebd9b"
"t592544256.jpg","D:\recup\recup_dir.4\t592544256.jpg","0,01","32472898986f7ee75e6e7688ffd5d485f4147364"
"t592851968.jpg","D:\recup\recup_dir.4\t592851968.jpg","0,02","f046675593001dff9b8bf9bebe1464aacd1da21c"
"t595094528.jpg","D:\recup\recup_dir.4\t595094528.jpg","0,01","268fafe24ef01d723afcbf051a30e651a72baac7"
"t596111360.jpg","D:\recup\recup_dir.4\t596111360.jpg","0","834de6014c4322b5cbc6c7b5b08b750b8045af31"
"t598584832.jpg","D:\recup\recup_dir.4\t598584832.jpg","0,01","b68fc725ff00057316b8c6632803358e8e2f441e"
"t601184768.jpg","D:\recup\recup_dir.4\t601184768.jpg","0,01","d16a94859415a61b3d25f2342c0cd24baa030aed"
"t605993984.jpg","D:\recup\recup_dir.4\t605993984.jpg","0,01","edd88b2896455605352ee0d8d401c8709905cf44"
"t607268352.jpg","D:\recup\recup_dir.4\t607268352.jpg","0,01","55814ed436b5377f6d55cafcf140ca644353a4cf"
"t607290368.jpg","D:\recup\recup_dir.4\t607290368.jpg","0","9d5118744815e8f893d09ffa9c0fe1d5aa798ea8"
"t610470912.jpg","D:\recup\recup_dir.4\t610470912.jpg","0,01","26eb2e7fe7a8bebf91eb8f7c9af9579c225b0e80"
"t611000832.jpg","D:\recup\recup_dir.4\t611000832.jpg","0","b774a44fa70484e67a31724044ce2292f693516f"
"t625684992.jpg","D:\recup\recup_dir.4\t625684992.jpg","0,05","b1f0aafc83cc983749cfab8a74a6461e5784983f"
"t625926656.jpg","D:\recup\recup_dir.4\t625926656.jpg","0,05","6e2216b7c4eba5a35a6f2576aa268f621964a0cf"
"t626326016.jpg","D:\recup\recup_dir.4\t626326016.jpg","0,02","18bae468a55058603cff3458477d4188e5d1d10e"
"t637779968.jpg","D:\recup\recup_dir.4\t637779968.jpg","0","c2d20fb332d1e9c8d6c706bc6851aee3390f943d"
"t637885952.jpg","D:\recup\recup_dir.4\t637885952.jpg","0","3ae193f98de9197b4c4b98f6812e51d72dc46c6f"
"t638128640.jpg","D:\recup\recup_dir.4\t638128640.jpg","0","3bbf1d33fb225b6fadc51b0ab7e1aaafbe79d391"
"t642064384.jpg","D:\recup\recup_dir.4\t642064384.jpg","0","3700779cd7b72937ca3ec3a56a76f75628c732d3"
"t647409664.jpg","D:\recup\recup_dir.4\t647409664.jpg","0,01","bc8b7b7e5d28052355bec3bc0c9491b43e4faf2c"
"t647734784.jpg","D:\recup\recup_dir.4\t647734784.jpg","0","d9234f927ae21124a574a38397ae1d7e564f0a30"
"t647756288.jpg","D:\recup\recup_dir.4\t647756288.jpg","0","97dc7a8b38fded1ca6d4ece8cdca35222d0d5498"
"t647845888.jpg","D:\recup\recup_dir.4\t647845888.jpg","0","7724a046c08801e3cb008ad72c21ec2428796f00"
"t647855616.jpg","D:\recup\recup_dir.4\t647855616.jpg","0","1b8b6084f4f9ec8d39a1a6006363f58c57e89bb4"
"t658420224.jpg","D:\recup\recup_dir.4\t658420224.jpg","0","ceb827f1c9fe196dcf10cc055754e0dacbce86fa"
"t658446848.jpg","D:\recup\recup_dir.4\t658446848.jpg","0,01","5ae7640fff4d1c6660082d5f8f0a989dc93b6573"
"t658454528.jpg","D:\recup\recup_dir.4\t658454528.jpg","0,01","6e0f9d768c95df79889a02c74938a910b18ab52d"
"t658790400.jpg","D:\recup\recup_dir.4\t658790400.jpg","0,01","5a4cdf09507af4b3141812fe3e264112d11804a4"
"t659877376.jpg","D:\recup\recup_dir.4\t659877376.jpg","0,01","7cd0ec1ad41b4a333827ab90b5cdc49da7bca57e"
"t659984384.jpg","D:\recup\recup_dir.4\t659984384.jpg","0,01","d978a7d69379e996c88663c063b47b84e50a35f8"
"t660082176.jpg","D:\recup\recup_dir.4\t660082176.jpg","0","18d7eb73826e1579c7fdec3803c7701ac8a7665a"
"t660294144.jpg","D:\recup\recup_dir.4\t660294144.jpg","0,01","19f841c10210f128355a72b7ed86f2c0c528c2ac"
"t661924352.jpg","D:\recup\recup_dir.4\t661924352.jpg","0,01","92366685c207e0a459b920e37b64e10913fb2654"
"t664783872.jpg","D:\recup\recup_dir.4\t664783872.jpg","0","962b453be1c91af71f2f396dfe301f4bf0e864b5"
"t666249728.jpg","D:\recup\recup_dir.4\t666249728.jpg","0","6e09347a12d214dfe0dd80038aea68d2dca392b3"
"t666299392.jpg","D:\recup\recup_dir.4\t666299392.jpg","0,01","5860f9f5581650afa0bae74b7855670e8e0c151e"
"t666742272.jpg","D:\recup\recup_dir.4\t666742272.jpg","0,01","0eef56525b8a339ee2dff22f76dc45558bb72f6f"
"t667090944.jpg","D:\recup\recup_dir.4\t667090944.jpg","0","106c14aedc3689382e1b4653814d36be66b5d76b"
"t667720192.jpg","D:\recup\recup_dir.4\t667720192.jpg","0","4051fe1e03dff231d9cea73853a90265df453cd9"
"t667759616.jpg","D:\recup\recup_dir.4\t667759616.jpg","0","f679127d62594538a2d3f51a02f22d0b49e0bde0"
"t668082688.jpg","D:\recup\recup_dir.4\t668082688.jpg","0,01","05342c16f6a6ea72e61189e485ca2a51eb9f12bb"
"t668660224.jpg","D:\recup\recup_dir.4\t668660224.jpg","0,03","4464788a396ae8626ffe282fe0160c82d0d0ef3e"
"t668730368.jpg","D:\recup\recup_dir.4\t668730368.jpg","0,03","71230d814d4a644a9836dd01b04e674b5fa02325"
"t669368320.jpg","D:\recup\recup_dir.4\t669368320.jpg","0,03","4fd59c6dd917142ad115c192407443f24d62a49b"
"t669413376.jpg","D:\recup\recup_dir.4\t669413376.jpg","0,03","26131a5e06192b1fb0b7a4104a14b682f463ed2f"
"t669754368.jpg","D:\recup\recup_dir.4\t669754368.jpg","0,03","e7bfc5072fc094a53f126473f4f6dcd8c1d21f82"
"t670099968.jpg","D:\recup\recup_dir.4\t670099968.jpg","0","9855bcfff2d9ddcdbf62ac46a0479dbf46678b42"
"t670800384.jpg","D:\recup\recup_dir.4\t670800384.jpg","0,01","49e6aecf7e537455b44a3518741dd3c04109878f"
"t670832128.jpg","D:\recup\recup_dir.4\t670832128.jpg","0,01","7fddb31e920bb02e7e12ef9a0626e2a7c559b815"
"t677263360.jpg","D:\recup\recup_dir.4\t677263360.jpg","0,01","122b77f10d4bbd99e47df12e5304b91ac4cc4a63"
"t677892608.jpg","D:\recup\recup_dir.4\t677892608.jpg","0,03","782b0d060a01071feef9a28e57310435278edfeb"
"t677981696.jpg","D:\recup\recup_dir.4\t677981696.jpg","0,02","64975890d9526d4283a97b68b06ee43c158e8ce9"
"t678482944.jpg","D:\recup\recup_dir.4\t678482944.jpg","0,02","1f400f52fed4344368a5e7499a3ada840bc0c78d"
"t679700992.jpg","D:\recup\recup_dir.4\t679700992.jpg","0,01","c28bbe37e42211e801d4aa8f20b0c057a3092f72"
"t679504896.jpg","D:\recup\recup_dir.4\t679504896.jpg","0,03","39752a432ca1bedabd03f737d3f2e6de4e10ebff"
"t679954944.jpg","D:\recup\recup_dir.4\t679954944.jpg","0,01","eb6b4ad1858ba70ca514c90100fc0c23d540ee7b"
"t680327168.jpg","D:\recup\recup_dir.4\t680327168.jpg","0,01","b8628da81ebfdec445cd580938c6bfbbe8cd10b0"
"t680415744.jpg","D:\recup\recup_dir.4\t680415744.jpg","0,01","6991c605ca785591c6970345f74b7f325ad1770b"
"t680522240.jpg","D:\recup\recup_dir.4\t680522240.jpg","0,01","1ccd8b1ac97395ec3eba0160f6b0743969b747e9"
"t681067008.jpg","D:\recup\recup_dir.4\t681067008.jpg","0","eddb972dc28895af75167120ddd49a5ff91e1bd7"
"t681193472.jpg","D:\recup\recup_dir.4\t681193472.jpg","0","e8f67231cc802902cc57f041810b5d50d86a7b82"
"t681245184.jpg","D:\recup\recup_dir.4\t681245184.jpg","0,01","ebff4ac47ef4cccaeb6892883aa87ba5f0a0e2e9"
"t681694720.jpg","D:\recup\recup_dir.4\t681694720.jpg","0,01","e7f8643d4cd22150dc286b705cbcea2a39ed26bb"
"t681780224.jpg","D:\recup\recup_dir.4\t681780224.jpg","0,01","e29420721c2ddc963aa218251e2ab882ae201765"
"t684628480.jpg","D:\recup\recup_dir.4\t684628480.jpg","0,01","754dfd59680b54f8f9e67ca38a6c510ef1b8a1da"
"t686199808.jpg","D:\recup\recup_dir.4\t686199808.jpg","0","15c301046ef019c679652aefbc86c936fb7ab83e"
"t687132672.jpg","D:\recup\recup_dir.4\t687132672.jpg","0,02","6ad5b12e56077bd7799ef501d34214eba983538d"
"t689661440.jpg","D:\recup\recup_dir.4\t689661440.jpg","0,01","0156cf920cf4e0d951674e80d36b65d7b606856c"
"t689897984.jpg","D:\recup\recup_dir.4\t689897984.jpg","0,06","9e356798f5820d929ca98cc80740795c6d9166eb"
"t689910272.jpg","D:\recup\recup_dir.4\t689910272.jpg","0,02","e1b6763e2861555b039ce551e9fdeff48eb33657"
"t691017216.jpg","D:\recup\recup_dir.4\t691017216.jpg","0,02","03430e62588b229a9fd9c0c2fda5283787654ea2"
"t691095552.jpg","D:\recup\recup_dir.4\t691095552.jpg","0,05","a0580bded24aa9c7fd8e2b6802d9dedc0a94495f"
"t693901312.jpg","D:\recup\recup_dir.4\t693901312.jpg","0,02","2b3a2234995eeaf7e70057a82ec75dd28646cbb2"
"t693908480.jpg","D:\recup\recup_dir.4\t693908480.jpg","0,02","345386d14179dec0e657bf8e7f47c7bfb867be14"
"t693915648.jpg","D:\recup\recup_dir.4\t693915648.jpg","0,03","626d2ddce2e0bced5ced9487ed102c0dc4a0921c"
"t693977088.jpg","D:\recup\recup_dir.4\t693977088.jpg","0,01","d0b5669acec6c410ab5f5968fcde940e03b8623f"
"t694427648.jpg","D:\recup\recup_dir.4\t694427648.jpg","0,05","7ee76256fed9a8e2ee2a88e8c01297e656304377"
"t694454272.jpg","D:\recup\recup_dir.4\t694454272.jpg","0,05","5b958c1ff16426e0dca961ca7d2fdf80ca9897ea"
"t694466560.jpg","D:\recup\recup_dir.4\t694466560.jpg","0,01","afdcaf6c4240e06799281f2ddf488b3b87a4d1cd"
"t700548096.jpg","D:\recup\recup_dir.4\t700548096.jpg","0","4e4c0561c80414a115a59002ff2e820f99e97a79"
"t696664064.jpg","D:\recup\recup_dir.4\t696664064.jpg","0,04","3bc9a3fe98862d16ec3f7c21ea18338630d790e4"
"t700667904.jpg","D:\recup\recup_dir.4\t700667904.jpg","0,05","3f628aa64bb443fd8dc6ec1e896ab2738180a75c"
"t700889088.jpg","D:\recup\recup_dir.4\t700889088.jpg","0,05","932a12305804c05daabc7d4a9a1e2971a3f6add4"
"t719297024.jpg","D:\recup\recup_dir.4\t719297024.jpg","0,06","c5c091f8711b36cb21e4ce809453f55e9e6b26b9"
"t719417344.jpg","D:\recup\recup_dir.4\t719417344.jpg","0,04","1b42a0d690c117547e3c19a4c2e9999cf539158e"
"f993174528.mp4","D:\recup\recup_dir.4\f993174528.mp4","168,21","f5b3fbd851fe8eb307a5cf325106de71527bffab"
"t719643648.jpg","D:\recup\recup_dir.4\t719643648.jpg","0,06","cc850643a3fb82cc9ae446e8873ff08f80a423a4"
"t719952384.jpg","D:\recup\recup_dir.4\t719952384.jpg","0,05","c771581ec18a31b0ce7ee406350127a2a07c73dc"
"t722315776.jpg","D:\recup\recup_dir.4\t722315776.jpg","0,04","a994cc580ecd4c985df8cddd712d41da66224dbb"
"t722516480.jpg","D:\recup\recup_dir.4\t722516480.jpg","0,04","02809c7f34325825eb84659068e97cc15d6c05ec"
"t722955264.jpg","D:\recup\recup_dir.4\t722955264.jpg","0,05","192cb5c41d8045b8ea3a2d1f2b13dfad7e289f1b"
"t724694016.jpg","D:\recup\recup_dir.4\t724694016.jpg","0,05","3cc0f007c5d697a9d9b9d636163e0a1909fb3e8d"
"t724947456.jpg","D:\recup\recup_dir.4\t724947456.jpg","0,05","78ff51376af9e3d1c22bd3fb78323c3a64f61bb3"
"t727777280.jpg","D:\recup\recup_dir.4\t727777280.jpg","0,05","0ffdc20c2197e5a0d5cafcdfb68c31f5004d2db0"
"t728124416.jpg","D:\recup\recup_dir.4\t728124416.jpg","0,05","5a13fc734c1f04ff454d61f27fc542ba1cb635ec"
"t729075200.jpg","D:\recup\recup_dir.4\t729075200.jpg","0,05","3598a9657d78d1ec1fb593909f50c977e256efbb"
"t729357824.jpg","D:\recup\recup_dir.4\t729357824.jpg","0,04","efce2cbe78296b3fdc1ff4b8d31b84fa41f3d094"
"t729399296.jpg","D:\recup\recup_dir.4\t729399296.jpg","0,05","4875f1cc26d6e9c8eb17bf9b8859e40458fd88b4"
"t729766912.jpg","D:\recup\recup_dir.4\t729766912.jpg","0,05","e4bcd21438526137a645b4a7916ffb53dde87db9"
"t731400192.jpg","D:\recup\recup_dir.4\t731400192.jpg","0,05","f974bb6018c059f17879b2cd98b50c1bca24789d"
"t731672064.jpg","D:\recup\recup_dir.4\t731672064.jpg","0,05","4492a270ccd9afb7fda03d367319e9017b17d93e"
"t732883968.jpg","D:\recup\recup_dir.4\t732883968.jpg","0,05","5d33f8ff3b9110dccae7e5bcb1b43307ea2ef3c6"
"t732039680.jpg","D:\recup\recup_dir.4\t732039680.jpg","0,05","b0be5f5e3a32114e1720cc9f1773bd9ffcde4ddd"
"t734744576.jpg","D:\recup\recup_dir.4\t734744576.jpg","0,05","14694a96607d72de09faa5d1c80fed44fe1da1e0"
"t736706560.jpg","D:\recup\recup_dir.4\t736706560.jpg","0,05","8b797b02afb8f6db79c5ae100330e7e44d4b3063"
"t744402944.jpg","D:\recup\recup_dir.4\t744402944.jpg","0,01","6fc5920f6cb999dfe61a9efc69275e901aef1119"
"t783689728.jpg","D:\recup\recup_dir.4\t783689728.jpg","0,05","1148680d6728a9c3de91b2a3df11b2f5e2bfce70"
"t783696896.jpg","D:\recup\recup_dir.4\t783696896.jpg","0,05","ecb8af0701a644748c4308678293c67dc5382521"
"t784096256.jpg","D:\recup\recup_dir.4\t784096256.jpg","0,05","d414cb0343157f36608c74ee37cd1ad464df68cf"
"t812836352.jpg","D:\recup\recup_dir.4\t812836352.jpg","0,05","0dad57bba1c46d855fea046f644106303447abb1"
"t814222336.jpg","D:\recup\recup_dir.4\t814222336.jpg","0,06","b196278336ca58755f2964a11e3dd0e13876d8a4"
"t814286848.jpg","D:\recup\recup_dir.4\t814286848.jpg","0,05","9dbce3d99a36b2110a129973b87e6813d98ca7ca"
"t822274048.jpg","D:\recup\recup_dir.4\t822274048.jpg","0,04","7903f35634fd868276ac1f8e1c1b28841ede7c52"
"t847489024.jpg","D:\recup\recup_dir.4\t847489024.jpg","0,06","d40908d4a79f181f568263dd66e7f4d355e21019"
"t847596032.jpg","D:\recup\recup_dir.4\t847596032.jpg","0,04","ad5df6f3d677b6852b7b243643a02ef624b41bd0"
"t847724544.jpg","D:\recup\recup_dir.4\t847724544.jpg","0,04","5083a2f94c4e8b2a1338d9d8fb4fd3f6ea7d90b2"
"t892284928.jpg","D:\recup\recup_dir.4\t892284928.jpg","0,04","0ed9bb85ca26ad418d677a714430af0b951fed6a"
"t892303360.jpg","D:\recup\recup_dir.4\t892303360.jpg","0,05","b27629efe77f6502381dce70ddd243d44e39d52e"
"t892341248.jpg","D:\recup\recup_dir.4\t892341248.jpg","0,05","65292a5c9ac0b88089649a34f2bcabcc799b7ac3"
"t892357632.jpg","D:\recup\recup_dir.4\t892357632.jpg","0,04","d8a0e8c330e77fd952c4b5f3bb9515320dec0eb2"
"t892830208.jpg","D:\recup\recup_dir.4\t892830208.jpg","0,05","d69f5355544c198d5f7aad5d2ed0e66c434948e5"
"t892846592.jpg","D:\recup\recup_dir.4\t892846592.jpg","0,06","d7056f581f4031a8013dca50ac4f73666a5b84f6"
"t894348288.jpg","D:\recup\recup_dir.4\t894348288.jpg","0,01","e2554e730d08f5759e10ac4b47dbf0b2ed199bad"
"t897393664.jpg","D:\recup\recup_dir.4\t897393664.jpg","0,06","4a5f462619c1c8187d9e52b61c70b8b7621ffae6"
"t901493248.jpg","D:\recup\recup_dir.4\t901493248.jpg","0,05","febbcacf8a5d0a4b55ec260ad221915ce3179f73"
"t907460096.jpg","D:\recup\recup_dir.4\t907460096.jpg","0,05","e085d4fad5d6395a2ac0fd50ae4309abac4efa28"
"t901668864.jpg","D:\recup\recup_dir.4\t901668864.jpg","0,06","656a3c4e29509eb7fe0e112ddeeaa4664651d795"
"t913987072.jpg","D:\recup\recup_dir.4\t913987072.jpg","0,01","06fbd4bad1e701092b9077bb4dc5012b60530431"
"t919885824.jpg","D:\recup\recup_dir.4\t919885824.jpg","0,01","acc4db9cd574af7a375ba16992002d9e26f19898"
"t922754048.jpg","D:\recup\recup_dir.4\t922754048.jpg","0,04","27ece74d50cac7486ae1077e86190037a2378d27"
"t932471296.jpg","D:\recup\recup_dir.4\t932471296.jpg","0,01","c8a3afc3c017b7e184e1fbeb3cd29599bb2a02cd"
"t932815872.jpg","D:\recup\recup_dir.4\t932815872.jpg","0,05","0122decb1e8caedac3ff1a455221adf95bc58c67"
"t944651776.jpg","D:\recup\recup_dir.4\t944651776.jpg","0,05","b766acdcb87a71ded823f126e0bbcfbdcc9b5943"
"t961098752.jpg","D:\recup\recup_dir.4\t961098752.jpg","0,05","2701167479f1b697feb3d04b571f9123da77cada"
"f556899840.avi","D:\recup\recup_dir.4\f556899840.avi","496,4","5dee24330d3fdb7c769ba18de2a3b71ae703f74c"
"t961193984.jpg","D:\recup\recup_dir.4\t961193984.jpg","0,01","abd3cafbbab64dae8c83001677a94623773a463f"
"t968773120.jpg","D:\recup\recup_dir.4\t968773120.jpg","0,05","555218bb3d7f022437aff568eb3dccc3cd1ddc4f"
"t969044992.jpg","D:\recup\recup_dir.4\t969044992.jpg","0,05","f19ba4089ab33d21b718c3b92e51983b37c4901d"
"t969837056.jpg","D:\recup\recup_dir.4\t969837056.jpg","0,05","04289bd98e1cec0d87a3417d31f2e37ce4df119a"
"f1078331392.mpg","D:\recup\recup_dir.5\f1078331392.mpg","0,05","ee989e36be4c988ecb2c1bf28e8c53413963e4c2"
"t1046934528.jpg","D:\recup\recup_dir.5\t1046934528.jpg","0","f0f9931235d66eba1dd91684f2dbe8f518524a09"
"t1048705024.jpg","D:\recup\recup_dir.5\t1048705024.jpg","0","8a22af6bdb5e3ee4564e63e001d8a00ba364605b"
"t1048889344.jpg","D:\recup\recup_dir.5\t1048889344.jpg","0","89594cd062c1d59edfd9c6327ee686deede2ffc0"
"t1050668032.jpg","D:\recup\recup_dir.5\t1050668032.jpg","0,01","4b8b56ab51686577f7a7defa65949c039afb6d54"
"t1050817536.jpg","D:\recup\recup_dir.5\t1050817536.jpg","0","8180193d6be2a1ac91a6b73c3edd6e6cc2770240"
"t1050968064.jpg","D:\recup\recup_dir.5\t1050968064.jpg","0,01","c9b31e2fea8c65f7abeac3972dd4c9c0dc5bb934"
"t1051101184.jpg","D:\recup\recup_dir.5\t1051101184.jpg","0,01","020d772e9aedec89c417c4dea982ff50cfb74033"
"t1051104256.jpg","D:\recup\recup_dir.5\t1051104256.jpg","0","403641435057b26b7829ab9385e949343aaa4b73"
"t1051105280.jpg","D:\recup\recup_dir.5\t1051105280.jpg","0,01","81dc22ec3f7e06432c2b3839d30b04d643e0467a"
"t1051106304.jpg","D:\recup\recup_dir.5\t1051106304.jpg","0,01","866759163e27211bebb2954af49c12cd8855ea1f"
"t1051607040.jpg","D:\recup\recup_dir.5\t1051607040.jpg","0,01","e117b0633e310f2f57506dcbad4aa849b4c47b6e"
"t1051608064.jpg","D:\recup\recup_dir.5\t1051608064.jpg","0","976a708868dcfc1b02b75741147d2e3b089b07c7"
"t1052076032.jpg","D:\recup\recup_dir.5\t1052076032.jpg","0","c2b0fa9b224e4f90373d6fa931c4ca98ac78b8c8"
"t1052343808.jpg","D:\recup\recup_dir.5\t1052343808.jpg","0","80522d15df4b8b261a575d7c90fe617583d94766"
"t1053773312.jpg","D:\recup\recup_dir.5\t1053773312.jpg","0,01","655dc9a1f3ddbe406ba4705429acf45e4e0f7ec9"
"t1053774336.jpg","D:\recup\recup_dir.5\t1053774336.jpg","0","0eb97b7515d63cbb3dab396fe4e9306878da5689"
"t1053777408.jpg","D:\recup\recup_dir.5\t1053777408.jpg","0","550e17438e2e7b69e0d1f7e48bb750738e788a05"
"t1053790720.jpg","D:\recup\recup_dir.5\t1053790720.jpg","0,01","0463e9b5c533437f2439d6aa2c87e2bdd4ee578c"
"t1053806080.jpg","D:\recup\recup_dir.5\t1053806080.jpg","0","84993c168d447e06547f60a5dbcb2af6e273dc3c"
"t1053825536.jpg","D:\recup\recup_dir.5\t1053825536.jpg","0","43bcc6d79f655de0c479324021dd8a7103e42ca5"
"t1058189312.jpg","D:\recup\recup_dir.5\t1058189312.jpg","0","2f2ae7692094e3dba53bcf30f82f8ea5432c35c1"
"t1058953216.jpg","D:\recup\recup_dir.5\t1058953216.jpg","0,01","372d64ba90ea0284e393fbb6dc98be986df22ffb"
"t1059036160.jpg","D:\recup\recup_dir.5\t1059036160.jpg","0","cfe92d04106b40094ded4ddeb9be208f8f113c5e"
"t1061076992.jpg","D:\recup\recup_dir.5\t1061076992.jpg","0,01","fa1eb79d1e187943bacdf5c92dcd1db103ad0180"
"t1062540288.jpg","D:\recup\recup_dir.5\t1062540288.jpg","0,01","ebff4ac47ef4cccaeb6892883aa87ba5f0a0e2e9"
"t1062543360.jpg","D:\recup\recup_dir.5\t1062543360.jpg","0,01","064bb707c8549fa9248f4ca52196cbe0e13378ed"
"t1062550528.jpg","D:\recup\recup_dir.5\t1062550528.jpg","0,01","29b364103c53bb71a98b2327e08f8611d47c4c71"
"t1062557696.jpg","D:\recup\recup_dir.5\t1062557696.jpg","0,01","737272b313ee8b7d068d14b2328ba8b8be185cf9"
"t1062568960.jpg","D:\recup\recup_dir.5\t1062568960.jpg","0,01","5d44a4b637f772167913300082930374757e8851"
"t1062807552.jpg","D:\recup\recup_dir.5\t1062807552.jpg","0,01","5eba08e134e86b8f8c641535279b1287c80ab74d"
"t1065425920.jpg","D:\recup\recup_dir.5\t1065425920.jpg","0,01","43b9d166170b430b40fd80e35617f7cf41a9677f"
"t1066365952.jpg","D:\recup\recup_dir.5\t1066365952.jpg","0,02","d31e5a328762cb6b258f67f45129cf8c69ba1a7f"
"t1066970112.jpg","D:\recup\recup_dir.5\t1066970112.jpg","0,01","6adf34d57117f132147481c223fb73542acca159"
"t1068504576.jpg","D:\recup\recup_dir.5\t1068504576.jpg","0,04","2aad6c2f6cfd1f59ffdb90e5e3a60f5139571b55"
"t1070771200.jpg","D:\recup\recup_dir.5\t1070771200.jpg","0,01","83620c421ccc3954e2d106251fe9ca06ed78e017"
"t1072137728.jpg","D:\recup\recup_dir.5\t1072137728.jpg","0,01","9197b9395ed5ea84360ece9cfcbcbc0e6130f59c"
"t1072138752.jpg","D:\recup\recup_dir.5\t1072138752.jpg","0","3cf08e2cfa35554490fd745646012134ab6b25ec"
"t1072143872.jpg","D:\recup\recup_dir.5\t1072143872.jpg","0,01","59951df989a537a8421d729ef4b0f87953b348d7"
"t1072155136.jpg","D:\recup\recup_dir.5\t1072155136.jpg","0","06b867534dc1442d77312ab9115dc1f977be8f92"
"t1072158208.jpg","D:\recup\recup_dir.5\t1072158208.jpg","0","a998e04b189dbcc4916e83f2a05ef7b2ecb3b3ff"
"t1072169472.jpg","D:\recup\recup_dir.5\t1072169472.jpg","0","ebce5f7ef37bcfbe078e4885f1152d903fcb1b33"
"t1072172544.jpg","D:\recup\recup_dir.5\t1072172544.jpg","0","7a471c11944d78ac078d67fa36f7981e1f7f8b41"
"t1072175616.jpg","D:\recup\recup_dir.5\t1072175616.jpg","0","f72354e763dc7aa9b0f5de3b87fa7edbbd16b36e"
"t1072182784.jpg","D:\recup\recup_dir.5\t1072182784.jpg","0","50e879c3b26bd84df457b9042d61d186385a59ec"
"t1072183808.jpg","D:\recup\recup_dir.5\t1072183808.jpg","0","5f2a8bac86feb06668dd2931e8da6a30333a1016"
"t1072184832.jpg","D:\recup\recup_dir.5\t1072184832.jpg","0","0113688f57e30b2801bffe0e58347030119108e8"
"t1073576448.jpg","D:\recup\recup_dir.5\t1073576448.jpg","0,01","776ad69d994b2ac862a093a201cef956b3752224"
"t1074665472.jpg","D:\recup\recup_dir.5\t1074665472.jpg","0","8ae60c8283d43942a95382d62a6defad54fd64ef"
"t1074802176.jpg","D:\recup\recup_dir.5\t1074802176.jpg","0,01","505b0bb6589542618ee389260493ac350cc1c925"
"t1078512640.jpg","D:\recup\recup_dir.5\t1078512640.jpg","0,01","3596fbb215d43e0347785f04c8658b00850c3c79"
"t1078513664.jpg","D:\recup\recup_dir.5\t1078513664.jpg","0,01","6108798adad79592d4dfbc11f25c8ecb26b71b20"
"t1078518784.jpg","D:\recup\recup_dir.5\t1078518784.jpg","0,01","f62d8873988c8b4e8ab7ce6c64ce973b39c87000"
"t1078523904.jpg","D:\recup\recup_dir.5\t1078523904.jpg","0,01","0039f9e0db2b5dac384dbd325d11500b666b65a0"
"t1078524928.jpg","D:\recup\recup_dir.5\t1078524928.jpg","0,01","6134af4e8c13bd632f3fc0e76d8f9989e904649d"
"t1078530048.jpg","D:\recup\recup_dir.5\t1078530048.jpg","0,01","b79f6d650e7d75f67611003e71087ba796434df9"
"t1083933184.jpg","D:\recup\recup_dir.5\t1083933184.jpg","0,01","eaa2bfb64bc91a92820b08010af807bb4fe33b40"
"t1083940352.jpg","D:\recup\recup_dir.5\t1083940352.jpg","0,01","296677c13584fa1bd9d79d53dff4dfc9eff86966"
"f14843904.jpg","D:\recup\recup_dir.6\f14843904.jpg","2,7","c4042c87bca6bdcb1b5b5fa79efa8c90c0b8cd12"
"f1048417280_Re_Sortie_au_mont_St_hilaire.pdf","D:\recup\recup_dir.5\f1048417280_Re_Sortie_au_mont_St_hilaire.pdf","120,67","9565b38486455a8b2d6bbe1600b02956c5c8af72"
"f14858240.jpg","D:\recup\recup_dir.6\f14858240.jpg","0,75","5b8d1d710b0cc0818bbc77d4e35dce88485abf4a"
"f924241408_Re_Nomie.pdf","D:\recup\recup_dir.4\f924241408_Re_Nomie.pdf","461,28","7b1e08ca54576f66f89803d48945eda52babd0f1"
"f14867968.jpg","D:\recup\recup_dir.6\f14867968.jpg","2,61","300db4979a6f5ea267c20ca1f710304dc7b905b5"
"f14859776.jpg","D:\recup\recup_dir.6\f14859776.jpg","2,95","de377eb2b88b57bc555219dee18eb7b15ad1e912"
"f14897664.jpg","D:\recup\recup_dir.6\f14897664.jpg","2,15","1ca004522d2e2a5c1fad4b884aef6cddc0839208"
"f14882304.jpg","D:\recup\recup_dir.6\f14882304.jpg","2,64","19691f4f652685784dcd7426c87c1824c896beae"
"f1070413312_Re_Tableau_de_lige.pdf","D:\recup\recup_dir.5\f1070413312_Re_Tableau_de_lige.pdf","140,51","ea27c0cb5edce2cb7263cc5f561b4109e1cb1fca"
"f2775552.jpg","D:\recup\recup_dir.6\f2775552.jpg","4,31","05b56b4d81a307442f4a1f316cde3f6d1b1cc35c"
"f2795008.jpg","D:\recup\recup_dir.6\f2795008.jpg","4,11","9c2149b0b5a43e55b52e0a5f2da33f3a899a61ae"
"f2807296.jpg","D:\recup\recup_dir.6\f2807296.jpg","3,82","36b5a33b18d43d1a01cfce7b0e592b73e38547f7"
"f30654464.jpg","D:\recup\recup_dir.6\f30654464.jpg","2,69","525a7a7e3c63d0b08884ba4fccb105e67b77fc21"
"f30640128.jpg","D:\recup\recup_dir.6\f30640128.jpg","3,27","6b2c1a053d8b36dcb246379515458da86b590292"
"f30666240.jpg","D:\recup\recup_dir.6\f30666240.jpg","3,23","b02f32152aa58ed0eaca0e13606c1ebf7dda25b1"
"f30678016.jpg","D:\recup\recup_dir.6\f30678016.jpg","2,9","e70e2bf598768e50281cabeef5c23eecd5bdc016"
"f30691328.jpg","D:\recup\recup_dir.6\f30691328.jpg","2,57","ee1020149f4cfb335926600e234b1ede2ac07466"
"f30717952.jpg","D:\recup\recup_dir.6\f30717952.jpg","2,59","e01d0e9e4d342d137fc47be1dac2db6a9a2be49e"
"f30704128.jpg","D:\recup\recup_dir.6\f30704128.jpg","3,32","207322b2dd0254bce57dae0065809bccf896a68c"
"f30731264.jpg","D:\recup\recup_dir.6\f30731264.jpg","3,36","efcf4879f4f9b1dea90c6468fc15be72ea3b26df"
"f30745600.jpg","D:\recup\recup_dir.6\f30745600.jpg","2,18","bac0ee64ea6c96fbb3551fb53bb1333a93d10ec9"
"f30757888.jpg","D:\recup\recup_dir.6\f30757888.jpg","1,62","d94f8308727f3d77581045826344d1ccd4d527fb"
"f30761472.jpg","D:\recup\recup_dir.6\f30761472.jpg","1,62","3e872c4a7098dcc4202422d891baa7d869bdbdc0"
"f30765056.jpg","D:\recup\recup_dir.6\f30765056.jpg","1,35","476eb663ebe14fb1353f198e7b630aecb7f52ce2"
"f30768128.jpg","D:\recup\recup_dir.6\f30768128.jpg","1,79","0c3ca5a6b6dd15cb04b4d93aefeca6292b408a21"
"f30776320.jpg","D:\recup\recup_dir.6\f30776320.jpg","1,27","b42073ae27f1400b724cd0a44fcc01fecfcee4c0"
"f30772224.jpg","D:\recup\recup_dir.6\f30772224.jpg","1,78","71dc6746d48dd15ad9b9776ca763684a6f228e5f"
"f30779392.jpg","D:\recup\recup_dir.6\f30779392.jpg","1,31","c57aa63fab1db673b52856aeb7ad8154a7713ce6"
"t14843904.jpg","D:\recup\recup_dir.6\t14843904.jpg","0,04","9c0e0eb9eca11699a7816e7add78dda92d2a0716"
"t14858240.jpg","D:\recup\recup_dir.6\t14858240.jpg","0,02","618d75cc057dd5ca611e6dd9c89ac5c9170e0553"
"t14859776.jpg","D:\recup\recup_dir.6\t14859776.jpg","0,03","09714bfd6d2951c41a8a43c992251a4a2545bed5"
"t14867968.jpg","D:\recup\recup_dir.6\t14867968.jpg","0,04","ce86f4aa560c93bf47dd3510b0341df2bcb13360"
"t14882304.jpg","D:\recup\recup_dir.6\t14882304.jpg","0,03","4fa88cf36165d14268f57b179f08126dfd159322"
"t14897664.jpg","D:\recup\recup_dir.6\t14897664.jpg","0,04","cbd138c2036091c3869fd6d3bf6819cab291fb1e"
"t2775552.jpg","D:\recup\recup_dir.6\t2775552.jpg","0,04","8dbda493f1a22ec5bc815d58e6a13cfbb7b161f7"
"t2795008.jpg","D:\recup\recup_dir.6\t2795008.jpg","0,04","9406792727cc23126f6824ffbce2ba749490d759"
"t2807296.jpg","D:\recup\recup_dir.6\t2807296.jpg","0,04","36cf946d897239279c92fa4e030aa22050f89a5d"
"t30640128.jpg","D:\recup\recup_dir.6\t30640128.jpg","0,04","368190958c1830bae5efb36a7edf1ac2100e2b26"
"t30654464.jpg","D:\recup\recup_dir.6\t30654464.jpg","0,05","7a053e4761df4cd7cc27760a56df9bae2bc4cc8a"
"t30666240.jpg","D:\recup\recup_dir.6\t30666240.jpg","0,05","84f690a72cf2362935b1b03b20b6ca33e1564ac9"
"t30678016.jpg","D:\recup\recup_dir.6\t30678016.jpg","0,03","a93ddb737310127086376d13f697dbfa14ae671b"
"t30691328.jpg","D:\recup\recup_dir.6\t30691328.jpg","0,04","cbd4dbcf8438341aa27a7a8964374da4a7e54736"
"t30704128.jpg","D:\recup\recup_dir.6\t30704128.jpg","0,04","9dceb9eb1b16b43a9caa615abd9fb1238a571c02"
"t30717952.jpg","D:\recup\recup_dir.6\t30717952.jpg","0,04","687e77745c5d24430e7b67de7c524270f0b871c8"
"t30745600.jpg","D:\recup\recup_dir.6\t30745600.jpg","0,04","df1bb103ac0f6c333b01879415f8343a16e4f7e5"
"t30731264.jpg","D:\recup\recup_dir.6\t30731264.jpg","0,04","676e948df8f2cc2b5674931c0bb31690a24a3155"
"t30757888.jpg","D:\recup\recup_dir.6\t30757888.jpg","0,04","878cf6a7495055bfd70cca6fd5218cb9e5518cba"
"t30761472.jpg","D:\recup\recup_dir.6\t30761472.jpg","0,04","bf6a3109f5f1051a387ff8e3d9c389356d903ac8"
"t30765056.jpg","D:\recup\recup_dir.6\t30765056.jpg","0,03","8ec36011e9a6a7b6af014ea6ad7f3bb97227fa42"
"t30768128.jpg","D:\recup\recup_dir.6\t30768128.jpg","0,05","c0acbebd31fbaf3350af961a2a54654ed385d7d5"
"t30772224.jpg","D:\recup\recup_dir.6\t30772224.jpg","0,05","9c6b222157b2196db485476f6620d2da3a2100f5"
"t30776320.jpg","D:\recup\recup_dir.6\t30776320.jpg","0,03","1f7c273ed50fea90ad7e24f79a0ca2653ef13ab3"
"t30779392.jpg","D:\recup\recup_dir.6\t30779392.jpg","0,03","13a571e678c3b346c4c36084e429404730e8e3ff"
"f504284160_Re_Prochain_rendez_vous_pour_Nomie.pdf.avi.mov","D:\recup\recup_dir.4\f504284160_Re_Prochain_rendez_vous_pour_Nomie.pdf.avi.mov","1140,5","3ba6b2597b5bdd33c3999921b0d5752461598ecf"
"f905359360.mp4","D:\recup\recup_dir.4\f905359360.mp4","583,02","3cc687609cd48a506530aefe0d067108ecdcbc9f"
"f1057158144_Veux_tu_tre_prsents_quand_je_rencontrerais_l_entrepreneur_qui_va_me_soumettre_un_devis.pdf","D:\recup\recup_dir.5\f1057158144_Veux_tu_tre_prsents_quand_je_rencontrerais_l_entrepreneur_qui_va_me_soumettre_un_devis.pdf","467,86","3ba273901ec8ff7cbe431f5b2f2a1a6d6c99d49a"
"f474428928_mdat.mov","D:\recup\recup_dir.4\f474428928_mdat.mov","1273,56","1cc4bcc4ecb99f77d37d2822975d8c3579d56810"
"f39884288.mp4","D:\recup\recup_dir.6\f39884288.mp4","2779,19","c356a160534892c7bac8b7ffd66e5aaba2448508"
"f5660672.mp4","D:\recup\recup_dir.6\f5660672.mp4","4483,79","2a0670438077f78437772909d2e0e5b9794aa7f1"
